"","feature","anovas.Timepoint DenDF","anovas.Timepoint F value","anovas.Timepoint Mean Sq","anovas.Timepoint NumDF","anovas.Timepoint Pr(>F)","anovas.Timepoint Sum Sq","anovas.Treatment DenDF","anovas.Treatment F value","anovas.Treatment Mean Sq","anovas.Treatment NumDF","anovas.Treatment Pr(>F)","anovas.Treatment Sum Sq","anovas.Treatment:Timepoint DenDF","anovas.Treatment:Timepoint F value","anovas.Treatment:Timepoint Mean Sq","anovas.Treatment:Timepoint NumDF","anovas.Treatment:Timepoint Pr(>F)","anovas.Treatment:Timepoint Sum Sq","coefs.(Intercept) 2.5 %","coefs.(Intercept) 97.5 %","coefs.(Intercept) df","coefs.(Intercept) Estimate","coefs.(Intercept) Pr(>|t|)","coefs.(Intercept) Std. Error","coefs.(Intercept) t value","coefs.TimepointD32 2.5 %","coefs.TimepointD32 97.5 %","coefs.TimepointD32 df","coefs.TimepointD32 Estimate","coefs.TimepointD32 Pr(>|t|)","coefs.TimepointD32 Std. Error","coefs.TimepointD32 t value","coefs.Treatmentabx+FMTDNBS 2.5 %","coefs.Treatmentabx+FMTDNBS 97.5 %","coefs.Treatmentabx+FMTDNBS df","coefs.Treatmentabx+FMTDNBS Estimate","coefs.Treatmentabx+FMTDNBS Pr(>|t|)","coefs.Treatmentabx+FMTDNBS Std. Error","coefs.Treatmentabx+FMTDNBS t value","coefs.Treatmentabx+FMTDNBS:TimepointD32 2.5 %","coefs.Treatmentabx+FMTDNBS:TimepointD32 97.5 %","coefs.Treatmentabx+FMTDNBS:TimepointD32 df","coefs.Treatmentabx+FMTDNBS:TimepointD32 Estimate","coefs.Treatmentabx+FMTDNBS:TimepointD32 Pr(>|t|)","coefs.Treatmentabx+FMTDNBS:TimepointD32 Std. Error","coefs.Treatmentabx+FMTDNBS:TimepointD32 t value","anovas.Timepoint Pr(>F).BH","anovas.Treatment Pr(>F).BH","anovas.Treatment:Timepoint Pr(>F).BH","coefs.(Intercept) Pr(>|t|).BH","coefs.TimepointD32 Pr(>|t|).BH","coefs.Treatmentabx+FMTDNBS Pr(>|t|).BH","coefs.Treatmentabx+FMTDNBS:TimepointD32 Pr(>|t|).BH"
"1","ribose degradation",26.9999999998204,0.539880356908596,0.529603713925263,1,0.468816483441921,0.529603713925263,26.999999999723,1.85657886525024,1.82123881643308,1,0.184278426314705,1.82123881643308,26.9999999998204,0.401832365073675,0.394183470828557,1,0.531478576728304,0.394183470828557,-0.709274919146716,0.75814974564384,27.0000000001155,0.0244374132485617,0.948432334369137,0.374349905499646,0.0652796030920458,-0.999089269584732,1.07616259312286,27.0000000001154,0.0385366617690665,0.94250851358959,0.529410713430685,0.0727916167758324,-1.84278355858567,0.317207062877913,27.0000000000235,-0.762788247853878,0.177602324665265,0.551028140950883,-1.38429998609068,-1.01329470178107,1.98207335214519,26.9999999998204,0.48438932518206,0.531478576728304,0.764138544777695,0.633902488616092,0.923895328727135,0.706023691243569,0.967585100793558,0.9587816145481,0.970643096084802,0.769883511633319,0.967585100793558
"2","aspartate degradation I",26.9999999997749,1.75881830068521,0.641972588878072,1,0.195882038225915,0.641972588878072,26.9999999991104,0.0751740126575917,0.0274386817008589,1,0.786034039903897,0.0274386817008589,26.9999999994436,0.533647429459567,0.194782497830969,1,0.471369213781633,0.194782497830969,0.0243548912637387,0.919465740754326,26.9999999993749,0.471910316009033,0.0484830983411509,0.228348800424678,2.06662051708344,-0.494108286087968,0.771769617088923,26.9999999995825,0.138830665500478,0.670677088006442,0.322933970512207,0.429904185305367,-0.765135575302655,0.552431919956753,26.9999999993164,-0.106351827672951,0.754124671448251,0.33612033324393,-0.316409979267065,-0.573066169799154,1.25407120060179,26.9999999994436,0.340502515401317,0.471369213781633,0.466115037014244,0.730511758604587,0.923895328727135,0.933588945625001,0.967585100793558,0.0992361710776213,0.923049036480778,0.928819438078527,0.967585100793558
"3","tryptophan degradation",11.2488825505306,0.238531452213661,0.113015762281457,1,0.634650345204003,0.113015762281457,11.4855886013707,0.185164291002383,0.0877304996919032,1,0.674935544912191,0.0877304996919032,11.2488825537988,0.00172647397734609,0.000818000187388672,1,0.967585100793558,0.000818000187388672,-1.38413786852585,-0.339002840914194,26.9576255245126,-0.86157035472002,0.00323804024992055,0.266620977695392,-3.23144248501085,-0.604424213099599,0.842809071324356,10.5352273062668,0.119192429112379,0.753132403839389,0.369198948511184,0.322840651613524,-0.660871078535676,0.877415074777862,26.9740759577488,0.108271998121093,0.784725036907329,0.392427148010714,0.275903434994097,-1.02344137218503,1.06777475248081,11.2488825537988,0.0221666901478885,0.967585100793558,0.533483304071169,0.0415508601276326,0.923895328727135,0.886374808262372,0.967585100793558,0.0139640485777824,0.923049036480778,0.928819438078527,0.967585100793558
"4","tyrosine degradation I",26.9999999991392,0.891055377392923,0.588699381659549,1,0.353562426978769,0.588699381659549,26.9999999987732,0.879566441220463,0.581108911086955,1,0.356634713786198,0.581108911086955,26.9999999992137,3.9999881529429,2.64269832383788,1,0.0556527657831487,2.64269832383788,-0.837687138680907,0.366581866265244,26.9999999994184,-0.235552636207831,0.449894483397059,0.307217126040394,-0.766730160013474,-1.77463003878307,-0.071536479242677,26.9999999994184,-0.923083259012876,0.0429216365390518,0.43447062623961,-2.12461603446535,-1.80748693056078,-0.0348509521582847,26.9999999992713,-0.921168941359534,0.0515596952881078,0.452211365204877,-2.03703182236959,0.0251049014158293,2.48330871405525,26.9999999992137,1.25420680773554,0.0556527657831487,0.627104332536061,1.99999703823353,0.923895328727135,0.706023691243569,0.678288944119422,0.570969599120752,0.923049036480778,0.628653551280801,0.678288944119422
"5","xylose degradation",26.9999999991097,0.1451117070911,0.0652325808708083,1,0.70623220833674,0.0652325808708083,26.9999999984623,0.52993952165525,0.238225594584943,1,0.472898743023643,0.238225594584943,26.9999999991097,0.0641070614484164,0.0288182749286957,1,0.802036443146228,0.0288182749286957,-0.927621291012606,0.0657466085485596,26.9999999992,-0.430937341232023,0.100525234917581,0.253414835016542,-1.70052136530954,-0.735456316191397,0.669378039794078,26.9999999992,-0.0330391381986596,0.927228070400537,0.358382696586935,-0.092189546295925,-0.477330510278235,0.984867446590197,26.9999999990743,0.253768468155981,0.502097942369556,0.373016537141005,0.680314256576923,-1.14482413534328,0.882879598644344,26.9999999991097,-0.130972268349466,0.802036443146228,0.517280865868427,-0.253193723161567,0.923895328727135,0.815750331715784,0.967585100793558,0.178570825494145,0.970643096084802,0.769883511633319,0.967585100793558
"6","galacturonate degradation I",26.9999999997876,0.537840986914461,0.250351068676148,1,0.469649199501589,0.250351068676148,26.9999999990565,1.90571721683727,0.887062074920714,1,0.178762471294595,0.887062074920714,26.999999999685,0.0177570933080823,0.00826546766501362,1,0.894979358962173,0.00826546766501362,-0.667677431686009,0.343149591935896,26.9999999995087,-0.162263919875057,0.534473865895699,0.257868775037495,-0.629249973562959,-0.872706135552825,0.556819150466501,26.9999999998343,-0.157943492543162,0.66838258416129,0.364681518970563,-0.433099798939664,-0.345554907501663,1.1423421841401,26.9999999995456,0.398393638319219,0.303213440106167,0.379572559337342,1.04958493051957,-1.10181316103155,0.961528860710032,26.999999999685,-0.0701421501607612,0.894979358962173,0.52637243286534,-0.133255743996581,0.923895328727135,0.706023691243569,0.967585100793558,0.646994679768478,0.923049036480778,0.769883511633319,0.967585100793558
"7","mannose degradation",12.8732777268214,0.508641483455426,0.108266659217042,1,0.488455372903439,0.108266659217042,14.02136225671,0.176413833088215,0.0375504888401571,1,0.680838620839214,0.0375504888401571,12.873277725798,1.21594812638174,0.258820103563398,1,0.290345590234723,0.258820103563398,0.116056039717099,0.89138365131237,26.3109120436779,0.503719845514735,0.0170581445464245,0.197791290480579,2.54672409634839,-0.42054166558889,0.562259215600728,12.1632946921711,0.0708587750059188,0.782218469847654,0.250719117530176,0.282622145865644,-0.276810231745856,0.862578606185282,26.5639341254469,0.292884187219713,0.322721965954492,0.290665758891105,1.00763223138863,-1.11430783578584,0.311903440681684,12.873277725798,-0.401202197552077,0.290345590234723,0.363836092835709,-1.10270037924259,0.923895328727135,0.886374808262372,0.967585100793558,0.050743962136715,0.923049036480778,0.769883511633319,0.967585100793558
"8","rhamnose degradation",27.0000000003362,11.6213192966264,2.94132779648146,1,0.00206239996959097,2.94132779648146,27.0000000003362,0.421286433494492,0.106626577025347,1,0.521779174666226,0.106626577025347,27.0000000003362,1.25548700295323,0.317760722827701,1,0.272375064102792,0.317760722827701,-0.549643822695396,0.195728158533937,27.0000000004709,-0.176957832080729,0.360294294189459,0.190149407618898,-0.930625208338236,-1.40609779006737,-0.351982625199944,27.0000000004709,-0.879040207633658,0.00294318098844913,0.268911871131856,-3.26887840218343,-0.891996437945572,0.205161411167508,27.000000000443,-0.343417513389032,0.230428345599554,0.279892349494001,-1.22696284485758,-0.3258360254148,1.19564816006789,27.0000000003362,0.434906067326545,0.272375064102792,0.388140852965657,1.12048516409332,0.142305597901777,0.834528416975489,0.967585100793558,0.487456986256327,0.20307948820299,0.769883511633319,0.967585100793558
"9","glutamate degradation II",13.0472123225517,0.248155619815132,0.100988851035457,1,0.626667986533972,0.100988851035457,14.0900940751585,0.90248408851024,0.367272888054392,1,0.358127959326448,0.367272888054392,13.0472123227388,0.0340518333120692,0.0138576572410434,1,0.856433973231774,0.0138576572410434,-1.08669705916855,-0.0282496560768293,26.4404822907693,-0.557473357622691,0.0488989828498424,0.270017054252176,-2.06458573206288,-0.849794086401731,0.507051112190047,12.3300937935875,-0.171371487105842,0.629239838573632,0.346140339642565,-0.495092502892918,-0.541383002855935,1.01451582858351,26.6481474626324,0.236566412863788,0.556201078209194,0.396920260706874,0.59600488128897,-0.891360293337642,1.07664916645074,13.0472123227388,0.0926444365565472,0.856433973231774,0.502052454869525,0.184531388419611,0.923895328727135,0.706023691243569,0.967585100793558,0.0992361710776213,0.923049036480778,0.784582322632025,0.967585100793558
"10","methionine degradation I",26.9999999993326,0.300028669499849,0.150087897876168,1,0.588364504560538,0.150087897876168,26.9999999993326,0.69735363742013,0.348847800749052,1,0.411003021591691,0.348847800749052,26.9999999993326,0.090520253833771,0.0452823213054133,1,0.765821527251198,0.0452823213054133,0.13440921778243,1.18231087240211,26.9999999992543,0.65836004509227,0.0204541905827337,0.267326762860286,2.46275396465393,-0.808337704301196,0.673619027695162,26.9999999992543,-0.0673593383030171,0.859917702528883,0.378057133622312,-0.178172377433064,-0.461304953291993,1.08116451754639,26.9999999991725,0.309929782127197,0.437770690711206,0.393494340458596,0.787634662714567,-1.23368615896788,0.905334136395805,26.9999999993326,-0.164176011286039,0.765821527251198,0.545678469664751,-0.300865840257366,0.923895328727135,0.735933119238715,0.967585100793558,0.054282275008024,0.957005185072467,0.769883511633319,0.967585100793558
"11","methionine degradation II",27.0000000002871,4.64374125787009e-05,1.89842748854987e-05,1,0.994612959319469,1.89842748854987e-05,26.9999999999312,2.84177121783216,1.16175650117442,1,0.103367448705176,1.16175650117442,26.9999999999312,0.250136658584691,0.102259424498814,1,0.621030924976955,0.102259424498814,-1.33794550995913,-0.390635630086872,27.0000000001314,-0.864290570023,0.00134143160920895,0.241665124294252,-3.57639759790345,-0.544810534799373,0.794887945086001,27.0000000001314,0.125038705143314,0.717320181787601,0.34176609632951,0.365860471492642,-0.989632201322826,0.404770186234097,27.0000000002598,-0.292431007544365,0.418233009206831,0.355721431249704,-0.822078688138101,-1.21355993618001,0.720128258806871,26.9999999999312,-0.24671583868657,0.621030924976955,0.493296869289326,-0.500136639914225,0.994612959319469,0.706023691243569,0.967585100793558,0.00841443463958343,0.923049036480778,0.769883511633319,0.967585100793558
"12","isoleucine degradation",7.58535260955417,0.0911114438763417,0.0517511901686714,1,0.770878069514819,0.0517511901686714,8.7684749410067,0.321165935985112,0.182421864057196,1,0.58511957897299,0.182421864057196,7.58535260974611,5.71104846697757,3.24386863716249,1,0.0455124497142287,3.24386863716249,-1.17075472869846,0.13711452264174,24.7685789002165,-0.516820103028359,0.134064302922349,0.333646245965871,-1.54900619826313,-0.182157421215724,1.4292944111681,7.03542064316854,0.62356849497619,0.172874726764703,0.411092205034061,1.51685798791666,-0.460159525306398,1.46026187375513,25.5393917316582,0.500051174224368,0.316970883075938,0.489912420383632,1.02069503327308,-2.59813216883731,-0.256732081133457,7.58535260974611,-1.42743212498538,0.0455124497142287,0.597306916395536,-2.38978000388688,0.94375823249637,0.834528416975489,0.678288944119422,0.220248497658144,0.923049036480778,0.769883511633319,0.678288944119422
"13","alanine degradation II",26.9999999988473,0.267545693522446,0.159008931126953,1,0.609194764191873,0.159008931126953,26.999999999337,1.07322000655346,0.637840825839387,1,0.3094090572918,0.637840825839387,26.9999999993395,0.734496234851098,0.43652902680957,1,0.398972881829467,0.43652902680957,-0.818910265552685,0.323286282634371,26.9999999994445,-0.247811991459157,0.40254254394288,0.291382024668962,-0.850471101437003,-1.21635152363279,0.39895832570908,26.9999999994445,-0.408696598961854,0.330101744456467,0.412076411118578,-0.991798093592521,-0.787420095310886,0.893847700677978,26.9999999995154,0.053213802683546,0.902179207167377,0.428902727103786,0.124069630060126,-0.656005704958969,1.67549323589648,26.9999999993395,0.509743765468758,0.398972881829467,0.594781067215015,0.857027557813107,0.923895328727135,0.706023691243569,0.967585100793558,0.534142991001129,0.923049036480778,0.939019780618713,0.967585100793558
"14","glycine degradation",26.9999999991599,1.38178942709509,0.597989523966497,1,0.250058533767215,0.597989523966497,26.9999999994962,0.943614418435185,0.408362899457291,1,0.339972538588836,0.408362899457291,26.9999999994962,0.0192774512714123,0.00834259814341877,1,0.890604426575756,0.00834259814341877,-0.50522428581671,0.469439706450996,26.9999999997461,-0.0178922896828569,0.943164420897347,0.248643342417445,-0.0719596571896852,-1.02273196071602,0.355651075905676,26.9999999995709,-0.333540442405171,0.351266854883645,0.351634787040529,-0.948542222492702,-0.506055357657097,0.928611193131035,26.9999999997745,0.211277917736969,0.568537914950743,0.365993090205891,0.577272968782316,-0.924293610229989,1.06523093286988,26.9999999994962,0.0704686613199474,0.890604426575756,0.507541097385715,0.138843261526846,0.923895328727135,0.706023691243569,0.967585100793558,0.9587816145481,0.923049036480778,0.784582322632025,0.967585100793558
"15","aspartate degradation II",13.1126438376454,0.144788837825692,0.0871492128549505,1,0.709658730761422,0.0871492128549505,13.885760543182,1.28971917805734,0.77628920060084,1,0.275321809131914,0.77628920060084,13.1126438396847,0.397464262115125,0.239235966677264,1,0.539234286037737,0.239235966677264,-1.5442207298223,-0.296853220285808,26.6884210200711,-0.920536975054055,0.00750835840154705,0.318211844548056,-2.89284321380764,-0.51480962200014,1.12886409110841,12.3832388457396,0.307027234554137,0.477666902008935,0.419312223610649,0.732216275286138,-0.334851518703522,1.49987403095934,26.8066069194265,0.58251125612791,0.224069958831589,0.468050832600738,1.24454699266567,-1.57341091615677,0.807545582011127,13.1126438396847,-0.382932667072819,0.539234286037737,0.60739802285873,-0.630447668022593,0.923895328727135,0.706023691243569,0.967585100793558,0.0265418445171252,0.923049036480778,0.769883511633319,0.967585100793558
"16","acetyl-CoA to acetate",27.0000000005378,0.00485318991262299,0.000941217196299971,1,0.944973837937884,0.000941217196299971,27.0000000004781,0.237596029242588,0.0460788620519592,1,0.629882206666962,0.0460788620519592,27.0000000001626,0.848713353988961,0.164597639467213,1,0.365075483005707,0.164597639467213,0.751484252760533,1.40395395558427,27.0000000000846,1.0777191041724,6.11707375981383e-07,0.166449411308151,6.47475467592493,-0.62970515499328,0.293026347777596,27.0000000000856,-0.168339403607842,0.480663755346323,0.235395014921005,-0.715135805506901,-0.719516164487067,0.240893233490145,27.0000000000532,-0.239311465498461,0.33736189332216,0.245006899502439,-0.976753985232478,-0.352914860181094,0.978933343605188,27.0000000001626,0.313009241712047,0.365075483005707,0.339763438076345,0.92125639970041,0.989934010420703,0.869237445200408,0.967585100793558,2.11039044713577e-05,0.923049036480778,0.769883511633319,0.967585100793558
"17","starch degradation",16.6005886730102,0.00176264434904097,0.000817924047960521,1,0.967012397702686,0.000817924047960521,16.7894136092469,6.54404377888854,3.03664819313756,1,0.0205034763581002,3.03664819313756,16.6005886777132,1.46510057465485,0.679854102923815,1,0.243073234175787,0.679854102923815,0.35857606793625,1.38835935978022,26.9870774309066,0.873467713858234,0.00255547663636793,0.262704646607481,3.3249039373229,-1.04602418109606,0.38534472026994,15.8899369309631,-0.330339730413058,0.379155624810116,0.365151837650194,-0.904664022886596,-1.77395114297111,-0.258225388528024,26.9921004739429,-1.01608826574957,0.0140017944573459,0.386671838462068,-2.62777933296335,-0.395411825913662,1.67247510121763,16.6005886777132,0.638531637651986,0.243073234175787,0.527531868810479,1.21041338998495,0.989934010420703,0.465196243663868,0.967585100793558,0.0125948491363848,0.923049036480778,0.319496521040061,0.967585100793558
"18","lactose degradation",14.0722007089158,1.43710882304598,0.83643656225783,1,0.250406293561885,0.83643656225783,14.4753708155616,6.86297521212516,3.99443890485879,1,0.019760320227997,3.99443890485879,14.0722007196068,0.888008212047619,0.516845018436067,1,0.36191517984148,0.516845018436067,0.120837230295709,1.29892470787127,26.9237273651856,0.709880969083491,0.0256635902981697,0.300538042246738,2.36203365063744,-0.168924586419313,1.43882075736261,13.3320424660137,0.634948085471648,0.145002166813814,0.410146654852745,1.54810011969892,0.241810452666093,1.97556070939694,26.953218298475,1.10868558103152,0.0185215374515977,0.442291355965326,2.50668607034326,-1.72134140133858,0.603545990515926,14.0722007196068,-0.558897705411328,0.36191517984148,0.593094416579316,-0.942341876416207,0.923895328727135,0.465196243663868,0.967585100793558,0.0632424189490611,0.923049036480778,0.319496521040061,0.967585100793558
"19","arabinoxylan degradation",26.999999999258,0.989538524905807,0.392055046200494,1,0.32868717841925,0.392055046200494,26.9999999996856,0.209257025928325,0.0829076088532446,1,0.65101013360516,0.0829076088532446,26.9999999993164,0.0551191741130915,0.0218382102460318,1,0.816154966205822,0.0218382102460318,-0.646864811979977,0.285715488394438,26.9999999993778,-0.18057466179277,0.454421057626889,0.237907509456931,-0.759012030368296,-0.957980192694151,0.360887516097321,26.9999999993464,-0.298546338298415,0.382733800285041,0.336452026464397,-0.887337019294209,-0.632292914671497,0.740428118921007,26.9999999994372,0.0540676021247549,0.87844670980659,0.350190371971208,0.154394884760567,-0.837797912736099,1.06582365400455,26.9999999993164,0.114012870634227,0.816154966205822,0.485626670121537,0.234774730567605,0.923895328727135,0.88077841605404,0.967585100793558,0.570969599120752,0.923049036480778,0.939019780618713,0.967585100793558
"20","butyrate production II",11.2447773351164,0.265053882051139,0.146549763459578,1,0.616637681054531,0.146549763459578,12.823360261719,0.0431878154710832,0.0238787830332628,1,0.838636117093275,0.0238787830332628,11.2447773354052,2.68274893564991,1.48330678614651,1,0.129094144000059,1.48330678614651,-1.63154671186736,-0.306806906211279,25.3846170902718,-0.969176809039319,0.00820335908461894,0.337950037884741,-2.86781091993799,-0.465050239499124,1.12947251503475,10.5896200292063,0.332211137767814,0.432090042436039,0.406773483367875,0.816698116645354,-0.406967199086523,1.53676475840349,25.9399359547491,0.564898779658483,0.265017668894773,0.495859100682952,1.13923245309089,-2.12853571945124,0.190530178986292,11.2447773354052,-0.969002770232474,0.129094144000059,0.591609314438946,-1.63790992904064,0.923895328727135,0.948621181630097,0.967585100793558,0.0269538941351765,0.923049036480778,0.769883511633319,0.967585100793558
"21","fructan degradation",26.9999999996618,4.85806785163228,1.99770279773443,1,0.0362257826180203,1.99770279773443,27.0000000000175,2.57726027354862,1.05980406536067,1,0.120043497957755,1.05980406536067,27.0000000000139,0.086218889115524,0.0354543660697874,1,0.771285536464877,0.0354543660697874,-0.123615887029047,0.826469673028236,26.9999999999221,0.351426892999594,0.15859276446258,0.242373218985511,1.44994110517054,-0.199216329936689,1.14440755451116,26.9999999999221,0.472595612287235,0.179284194381344,0.342767493445334,1.37876438496816,-1.16900560264877,0.229482475514082,27.0000000001275,-0.469761563567342,0.198996744847244,0.356763718413691,-1.31673020355344,-0.82440558093937,1.11494844749957,27.0000000000139,0.1452714332801,0.771285536464877,0.494742261525292,0.293630531647382,0.923895328727135,0.706023691243569,0.967585100793558,0.25448606390507,0.923049036480778,0.769883511633319,0.967585100793558
"22","acetyl-CoA to crotonyl-CoA",11.1357530770975,0.173653456906471,0.0579659099014596,1,0.684804733584394,0.0579659099014596,13.7636882223384,0.44878054797472,0.149803944435389,1,0.51399746605409,0.149803944435389,11.1357530763558,5.30136386180576,1.7696070406119,1,0.0415807740266463,1.7696070406119,-0.996845308246379,0.224461883918473,22.9992036067015,-0.386191712163953,0.227649866493648,0.311563682240686,-1.23952737169673,0.00906985958763307,1.26780158740451,10.606772775188,0.638435723496074,0.073209531081804,0.321110933095097,1.98820923766866,-0.0947578632244965,1.68654144141038,24.0674095484441,0.795891789092942,0.0926062785295329,0.454421438017622,1.75143979246437,-2.00154677073142,-0.160833016349424,11.1357530763558,-1.08118989354042,0.0415807740266463,0.469578463915999,-2.30246907944618,0.923895328727135,0.834528416975489,0.678288944119422,0.334209378469399,0.923049036480778,0.769883511633319,0.678288944119422
"23","butyrate production I",27.0000000001253,0.895130823409366,0.459953825119763,1,0.35248159974895,0.459953825119763,27.0000000001253,1.2654002758299,0.650212998987961,1,0.270532451085639,0.650212998987961,27.0000000001252,1.06634869197048,0.547932376985047,1,0.310933209252045,0.547932376985047,-1.0423125466022,0.0197324764473441,26.9999999999096,-0.511290035077428,0.0699375757770243,0.270934831309866,-1.88713290426903,-0.203810492718479,1.29814798272903,26.9999999999095,0.547168745005276,0.164745121807965,0.383159712957679,1.42804351945454,-0.185036857392154,1.37825108808238,26.9999999997365,0.596607115345114,0.14625579932999,0.398805273414601,1.49598602404857,-1.65504079770895,0.512849527569203,27.0000000001252,-0.571095635069872,0.310933209252045,0.553043408546839,-1.03264160867674,0.923895328727135,0.706023691243569,0.967585100793558,0.134047020239297,0.923049036480778,0.769883511633319,0.967585100793558
"24","succinate production",26.9999999990911,0.289706679049405,0.0995475812262911,1,0.594818355532055,0.0995475812262911,26.9999999990933,1.88104318553703,0.646354788632527,1,0.181506790305893,0.646354788632527,26.9999999990912,0.114185668936711,0.0392359167922986,1,0.738041554095786,0.0392359167922986,-0.688595683537605,0.179895009631982,26.9999999994012,-0.254350336952811,0.261035106236828,0.221557819434472,-1.14800884754166,-0.812238150886506,0.415993166188734,26.9999999991795,-0.198122492348886,0.532501260058262,0.31333007309404,-0.632312405867992,-0.405468037802241,0.872915648315277,26.9999999992143,0.233723805256518,0.479731051573006,0.32612427988505,0.716670973835187,-0.73357711543767,1.03922208841363,26.9999999990912,0.152822486487978,0.738041554095786,0.452253005115122,0.337913700427655,0.923895328727135,0.706023691243569,0.967585100793558,0.37523796521544,0.923049036480778,0.769883511633319,0.967585100793558
"25","homoacetogenesis",26.9999999998122,0.645036674297192,0.467127106711954,1,0.428906736320161,0.467127106711954,26.9999999997484,2.23143047303227,1.61597270702813,1,0.146824149142353,1.61597270702813,26.9999999998143,1.39062942090778,1.00707560326698,1,0.248586161046343,1.00707560326698,-1.34383780140398,-0.083014003142215,26.9999999999083,-0.713425902273098,0.0351523688003295,0.321644634342004,-2.21805628355209,-0.240763241896792,1.54231087336776,26.9999999996978,0.650773815735483,0.163997971643874,0.454874204150997,1.43066766547055,-1.03120006060843,0.824682319528751,26.9999999997286,-0.103258870539841,0.828991473059957,0.473448082407674,-0.218099670009704,-2.06106431240804,0.512581488674568,26.9999999998143,-0.774241411866734,0.248586161046343,0.656554360534988,-1.17924951596674,0.923895328727135,0.706023691243569,0.967585100793558,0.0808504482407577,0.923049036480778,0.928819438078527,0.967585100793558
"26","propionate production II",26.9999999994741,1.23127208643672,0.896378625140766,1,0.276945340365534,0.896378625140766,26.9999999993429,1.11274318153187,0.81008837460359,1,0.300834803940918,0.81008837460359,26.9999999994105,3.39343648154472,2.47045633644835,1,0.0764654370584237,2.47045633644835,-1.69440643788551,-0.430258805337603,26.9999999993701,-1.06233262161156,0.00276138006761737,0.322492566832692,-3.29413056569049,-0.652790000911264,1.13498472587982,26.9999999993701,0.24109736248428,0.601376097324046,0.456073361779305,0.52863723841198,0.0231368874840004,1.88391181921693,26.9999999994479,0.953524353350466,0.0546655261983305,0.474696205239098,2.00870439415076,-2.50286102844931,0.0775695209588008,26.9999999994105,-1.21264575374525,0.0764654370584237,0.658285195483748,-1.84212824785483,0.923895328727135,0.706023691243569,0.678288944119422,0.0127023483110399,0.923049036480778,0.628653551280801,0.678288944119422
"27","propionate production III",26.9999999997204,0.153445423976025,0.073409440152821,1,0.698339003885683,0.073409440152821,26.9999999997204,1.2155554120709,0.581530813775186,1,0.279965487138289,0.581530813775186,26.9999999997203,0.00241844922333579,0.00115700422288803,1,0.961139648953767,0.00115700422288803,-0.693857266200907,0.330916624611482,26.9999999997052,-0.181470320794712,0.493515693666247,0.261426714698758,-0.694153698116967,-0.606985031938929,0.842264102813796,26.9999999997048,0.117639535437433,0.75278795744222,0.369713205493626,0.318191326924246,-0.446919413388305,1.06150691089692,26.9999999997829,0.30729374875431,0.431513996493384,0.384809704714858,0.798560288343073,-1.07214843335732,1.01966251182347,26.9999999997203,-0.0262429607669238,0.961139648953767,0.533635046786761,-0.0491777309697772,0.923895328727135,0.706023691243569,0.967585100793558,0.608081836838769,0.923049036480778,0.769883511633319,0.967585100793558
"28","lactate production",9.11774171450323,2.6739889809865,1.40511947083837,1,0.135993623082218,1.40511947083837,9.47423558532927,0.30653969124344,0.16107953017519,1,0.592636122199985,0.16107953017519,9.11774171656405,1.5717392317736,0.825912677033864,1,0.2411455198944,0.825912677033864,0.437590608277951,1.55583509916526,26.8452487742838,0.996712853721603,0.00166868734532828,0.285271693691281,3.49390730227949,-0.656227466522215,0.871204923671502,8.46739797275924,0.107488728574643,0.789273813802404,0.389658280009712,0.275853829083176,-1.34226838293595,0.303428711354198,26.9049909455438,-0.519419835790877,0.226695618718401,0.419828401764318,-1.2372193820333,-0.397944097482332,1.81070689960833,9.11774171656405,0.706381401062999,0.2411455198944,0.563441730182855,1.25369024554457,0.923895328727135,0.834528416975489,0.967585100793558,0.00959495223563764,0.923049036480778,0.769883511633319,0.967585100793558
"29","ethanol production I",9.15953407843431,0.329796216139974,0.124398742652795,1,0.579607230998278,0.124398742652795,9.70719646424014,0.979907633371015,0.369620000295859,1,0.346253796040328,0.369620000295859,9.15953407938166,0.00215287140314255,0.000812060546899737,1,0.963988110648545,0.000812060546899737,0.228155219881883,1.19698122678853,26.6493257926854,0.712568223335206,0.00769328826583339,0.247154033071174,2.88309365006398,-0.797719318942014,0.500252143917014,8.51078175073498,-0.1487335875125,0.664519626624363,0.331121253527427,-0.44918163943886,-0.98533005635931,0.440108249789669,26.7832192187964,-0.27261090328482,0.459985392378584,0.363638902906547,-0.749674749059728,-0.917098459919713,0.96157303415286,9.15953407938166,0.0222372871165732,0.963988110648545,0.479261738708286,0.0463990452826623,0.923895328727135,0.706023691243569,0.967585100793558,0.0265418445171252,0.923049036480778,0.769883511633319,0.967585100793558
"30","fucose degradation",26.9999999998838,0.239272096966673,0.105264912311986,1,0.628682594850135,0.105264912311986,26.9999999998905,0.00950001521842153,0.00417941866856694,1,0.923074677437932,0.00417941866856694,26.9999999998871,1.29266317712165,0.568691785267365,1,0.26554790906457,0.568691785267365,-1.35564498157597,-0.372936158470036,26.9999999997963,-0.864290570023001,0.0018687356609247,0.250695632893618,-3.44756930963278,-0.529130880845546,0.860629264654563,26.9999999997945,0.165749191904508,0.643887393037615,0.35453716406586,0.467508652699997,-0.407408661292759,1.03909955985758,26.9999999999205,0.315845449282412,0.399575942486675,0.369013979991524,0.855917299636364,-1.58478654958267,0.421159435701083,26.9999999998871,-0.581813556940794,0.26554790906457,0.511730317777878,-1.13695346304132,0.923895328727135,0.976583362046547,0.967585100793558,0.00991867389260031,0.923049036480778,0.769883511633319,0.967585100793558
"31","galactose degradation",26.9999999994606,0.000953983877586231,0.00014193449718034,1,0.975587140704461,0.00014193449718034,26.9999999999547,0.00509655435707181,0.000758269502261972,1,0.943613432638174,0.000758269502261972,26.9999999994631,0.575484805843264,0.0856210974539305,1,0.454659261475782,0.0856210974539305,0.675092599992591,1.24657456700876,26.9999999995028,0.960833583500674,4.53447131008308e-07,0.14578889498071,6.59058142684879,-0.521571633424169,0.286625914981747,26.9999999992885,-0.117472859221211,0.573545652112283,0.206176632525107,-0.569768056556584,-0.522853907124204,0.318344771560036,26.9999999996231,-0.102254567782084,0.637552438107297,0.214595442905969,-0.476499250857298,-0.357512184142369,0.80902049618401,26.9999999994631,0.22575415602082,0.454659261475782,0.297590335722452,0.758607148557977,0.989934010420703,0.976583362046547,0.967585100793558,2.11039044713577e-05,0.923049036480778,0.83002109866799,0.967585100793558
"32","arabinose degradation",26.9999999998268,0.552354346372808,0.317272400311356,1,0.463775563548981,0.317272400311356,26.9999999999073,0.0244435917391089,0.0140404019163154,1,0.876924665870556,0.0140404019163154,26.9999999998242,0.029962454258279,0.0172104371843346,1,0.863866583068363,0.0172104371843346,-1.04447306626613,0.0784146370626786,26.9999999995972,-0.483029214601725,0.103276302548713,0.286456208426788,-1.68622358459086,-1.06189447631447,0.526108542755108,26.9999999998624,-0.267892966779679,0.514034113080329,0.405110254983138,-0.661284091144102,-0.922739416322434,0.730106529600918,26.9999999997902,-0.0963164433607579,0.821036057939328,0.421652121916727,-0.228426321971124,-1.0448282949504,1.24725663138399,26.9999999998242,0.101214168216798,0.863866583068363,0.584726286914981,0.173096661603507,0.923895328727135,0.975932289436586,0.967585100793558,0.178570825494145,0.923049036480778,0.928819438078527,0.967585100793558
"33","fructose degradation",26.9999999994567,1.44777274610546,0.74886213042848,1,0.23933028027876,0.74886213042848,26.9999999994567,1.84694773230953,0.955335854558633,1,0.185383662921188,0.955335854558633,26.9999999994567,0.0214009158306922,0.0110696485102402,1,0.884778839047128,0.0110696485102402,-0.0845841695029609,0.980980476528379,26.9999999994139,0.448198153512709,0.110777260396293,0.271832710814173,1.64880139763276,-0.460231517838062,1.04670445616475,26.9999999994124,0.293236469163341,0.452205786796157,0.384429506330047,0.762783460517173,-1.2018660961872,0.36660259403981,26.9999999995407,-0.417631751073696,0.305857459563583,0.400126916259404,-1.04374820613903,-1.0063642361276,1.16871048947753,26.9999999994567,0.0811731266749693,0.884778839047128,0.554876197410218,0.146290518594652,0.923895328727135,0.706023691243569,0.967585100793558,0.186430023593762,0.923049036480778,0.769883511633319,0.967585100793558
"34","trehalose degradation",27.000000000191,1.64270555239393,0.894944376591161,1,0.210852254766256,0.894944376591161,27.000000000191,0.682517247032777,0.371834727939112,1,0.415962197830578,0.371834727939112,27.0000000001909,0.0818101232518457,0.0445700750483078,1,0.777042314070028,0.0445700750483078,-1.39063339586325,-0.297061788856845,26.9999999999066,-0.843847592360048,0.00540648185873549,0.278977475002693,-3.02478754728102,-0.326898825530379,1.21964497252422,27.0000000001848,0.446373073496919,0.267838632673651,0.39453372874541,1.13139394929897,-0.488178329136958,1.12151549141078,27.0000000001137,0.31666858113691,0.447313553680566,0.410643724385957,0.771151639076989,-1.27900157805413,0.953242117246785,27.0000000001909,-0.162879730403674,0.777042314070028,0.569460386238873,-0.286024689934009,0.923895328727135,0.735933119238715,0.967585100793558,0.0207248471251527,0.923049036480778,0.769883511633319,0.967585100793558
"35","sucrose degradation I",26.9999999996285,2.19917577067337,0.959347652577671,1,0.149664192194969,0.959347652577671,26.9999999992949,0.733291240446279,0.319884039993086,1,0.399354825288435,0.319884039993086,26.9999999992949,0.133340324025395,0.0581671226800307,1,0.717838471516855,0.0581671226800307,0.0685748254239786,1.0471340252384,26.9999999990627,0.55785442533119,0.0339123547679573,0.24963703607137,2.23466210827668,-0.407146482885582,0.976745209076936,26.9999999992364,0.284799363095677,0.426885373203563,0.353040082082753,0.806705463627555,-1.03141508808468,0.408985052966337,26.9999999992404,-0.311215017559171,0.404470381542993,0.367455767660199,-0.846945523649975,-0.812664462580607,1.18481113962901,26.9999999992949,0.186073338524202,0.717838471516855,0.509569466063012,0.365157943943981,0.923895328727135,0.735933119238715,0.967585100793558,0.0806880165168638,0.923049036480778,0.769883511633319,0.967585100793558
"36","hydrogen metabolism",7.2339792894787,0.871226048880132,0.372955346734693,1,0.380716033240871,0.372955346734693,8.02427959650002,0.846159695207813,0.362224916168193,1,0.384459965049201,0.362224916168193,7.23397928959874,1.44252558340755,0.617517841466021,1,0.267575548476798,0.617517841466021,-1.38490455661859,-0.308100376897035,25.7781924498102,-0.84650246675781,0.00485297133268173,0.274699991483325,-3.08155257736583,-0.146309897908414,1.24392259304034,6.68074471101445,0.548806347565961,0.167712595350453,0.354657662567967,1.54742560358691,-0.76011881980632,0.823035383079105,26.2264924606182,0.0314582816363923,0.938505622314852,0.403873289349484,0.0778914636495567,-1.62551307174413,0.390261114941312,7.23397928959874,-0.617625978401411,0.267575548476798,0.514237558084132,-1.20105186541113,0.923895328727135,0.735933119238715,0.967585100793558,0.0196973542326494,0.923049036480778,0.939019780618713,0.967585100793558
"37","sucrose degradation II",27.0000000003519,0.00477779891891674,0.00481936260120384,1,0.945402196842016,0.00481936260120384,27.0000000003519,1.44838697644522,1.46098698266972,1,0.239233189936112,1.46098698266972,27.0000000003519,0.0841470735180726,0.084879097257131,1,0.773970391270914,0.084879097257131,-0.893600674766469,0.594423319863996,27.0000000002503,-0.149588677451236,0.696628873375037,0.379604933143621,-0.394064102941045,-1.13779879455297,0.966584919790018,27.0000000002503,-0.0856069373814781,0.87449039085452,0.536842444795441,-0.159463802110688,-1.67381406051252,0.516497953476507,27.0000000001683,-0.578658053518008,0.309573259312943,0.558763332200472,-1.03560491566114,-1.29393430545051,1.74348195443497,27.0000000003519,0.22477382449223,0.773970391270914,0.774865325037661,0.290081149884084,0.989934010420703,0.706023691243569,0.967585100793558,0.762974480363136,0.957587490201299,0.769883511633319,0.967585100793558
"38","melibiose degradation",26.9999999999871,0.262362811290818,0.166040712373944,1,0.612666189109487,0.166040712373944,26.9999999999116,1.28309502097682,0.812028237837029,1,0.26728358860061,0.812028237837029,26.9999999999139,1.04320272021386,0.660208365516958,1,0.316142712248257,0.660208365516958,0.235880851942927,1.41453183497256,26.9999999996531,0.825206343457746,0.0106428457375105,0.300681796279597,2.74445062410897,-0.989683970525742,0.677180234979151,26.9999999996912,-0.156251867773296,0.716145000908139,0.425228274257309,-0.367454088151124,-0.83328774891483,0.901639522248503,26.9999999997499,0.0341758866668362,0.939019780618713,0.44259162026655,0.0772176541576947,-0.57607352007474,1.82983772430226,26.9999999999139,0.626882102113763,0.316142712248257,0.613764146523744,1.02137295843088,0.923895328727135,0.706023691243569,0.967585100793558,0.0333798343585555,0.923049036480778,0.939019780618713,0.967585100793558
"39","lactose and galactose degradation",26.9999999997615,0.664359135179997,0.320043489654437,1,0.422157130062697,0.320043489654437,26.9999999997615,5.65078221877405,2.72216631759524,1,0.024793597178228,2.72216631759524,26.9999999997614,0.0171031308198352,0.00823913660811392,1,0.896919744415029,0.00823913660811392,-0.999408629368987,0.0289204325838324,26.9999999997215,-0.485244098392577,0.0753285973005197,0.262333662777517,-1.84972105087447,-0.980386339274062,0.473890566722016,26.9999999996699,-0.253247886276023,0.500664464491479,0.370995823766975,-0.68261654189156,-1.42830717643,0.0853522180804234,26.9999999995064,-0.671477479174788,0.093439426295377,0.38614469613982,-1.73892710656746,-0.979503617793235,1.1195642900895,26.9999999997614,0.0700303361481307,0.896919744415029,0.535486346800225,0.130778938747167,0.923895328727135,0.465196243663868,0.967585100793558,0.140477654425293,0.923049036480778,0.769883511633319,0.967585100793558
"40","maltose degradation",11.7023058056216,0.0275381764978058,0.0140602661969231,1,0.871031665802937,0.0140602661969231,13.0715063567784,5.30743718009142,2.7098373627418,1,0.0382877561767063,2.7098373627418,11.7023058077551,1.8574440117271,0.948361895089335,1,0.198570128563028,0.948361895089335,-0.54354635900364,0.692748977923483,25.848232317496,0.0746013094599214,0.814879107026401,0.315387258816709,0.236538754735418,-1.10241637597731,0.424888574123915,11.0216812474816,-0.338763900926697,0.403133306445761,0.389625769184641,-0.869459691117501,-2.11325977980462,-0.297787569591286,26.2581822578843,-1.20552367469795,0.0150044908027039,0.463139176161794,-2.60294040484455,-0.337980468582236,1.8809047296419,11.7023058077551,0.771462130529832,0.198570128563028,0.566052543752442,1.3628807767839,0.969373950651656,0.528371035238547,0.967585100793558,0.851919066436691,0.923049036480778,0.319496521040061,0.967585100793558
"41","glyoxylate bypass",26.9999999991806,0.599896021959527,0.304008217588252,1,0.445347787274618,0.304008217588252,26.9999999991806,3.93019401865942,1.99169728528266,1,0.0576874418336666,1.99169728528266,26.9999999991806,0.504548257529531,0.255689004167391,1,0.483599079572189,0.255689004167391,-0.980722266030244,0.0739893696205783,26.9999999991235,-0.453366448204833,0.10351931912704,0.269064034842031,-1.68497602613819,-0.728159808772917,0.763427690757186,26.9999999991234,0.0176339409921345,0.96337840213508,0.380514007220427,0.0463424227689979,-0.426896996925389,1.12559649457487,26.9999999992773,0.349349748824741,0.385518510497781,0.396051535575687,0.882081541022024,-0.686337708386831,1.46658340254713,26.9999999991806,0.390122847080151,0.483599079572189,0.549224661247842,0.710315604171505,0.923895328727135,0.648630744556161,0.967585100793558,0.178570825494145,0.977545731578242,0.769883511633319,0.967585100793558
"42","glycerol degradation II",7.22370468977524,0.203762220948072,0.0410662146860435,1,0.664941969420662,0.0410662146860435,8.18985541517776,0.316786975594287,0.0638452107999585,1,0.588617136711696,0.0638452107999585,7.22370468917454,4.37632640787516,0.882004323302911,1,0.0735247372729232,0.882004323302911,0.384854533179022,1.1427052324511,25.2465357298181,0.763779882815063,0.000554513720801958,0.193332812554188,3.95059624243034,-0.769033278331672,0.187802275878167,6.67968310903394,-0.290615501226752,0.274402612152488,0.24409518791091,-1.19058267274331,-0.806193726465995,0.307392498444422,25.871835525936,-0.249400614010787,0.388070973767136,0.28408333869761,-0.877913555769137,0.0467669529384797,1.43554528720127,7.22370468917454,0.741156120069873,0.0735247372729232,0.35428669741314,2.09196711443444,0.923895328727135,0.834528416975489,0.678288944119422,0.00382614467353351,0.923049036480778,0.769883511633319,0.678288944119422
"43","glycerol degradation I",26.9999999993822,0.170867318271494,0.130838692857465,1,0.682606884452938,0.130838692857465,26.9999999998246,0.0108425361184404,0.00830248445020078,1,0.917837810384727,0.00830248445020078,26.9999999994465,0.630075224030819,0.482469202115522,1,0.434248859504579,0.482469202115522,-0.845643558847912,0.450841939360547,26.9999999992945,-0.197400809743682,0.5555850314008,0.33074217394681,-0.596841967228008,-1.0451663683753,0.788341006611144,26.9999999992934,-0.128412680882077,0.785760513421873,0.46774006804434,-0.274538551762265,-1.25728478949153,0.651090191648309,26.9999999993751,-0.30309729892161,0.538782461094495,0.486839298117939,-0.622581825447014,-0.787324412829039,1.85911552844493,26.9999999994465,0.535895557807943,0.434248859504579,0.675124635490434,0.793772778590208,0.923895328727135,0.976583362046547,0.967585100793558,0.660954606321641,0.923049036480778,0.784582322632025,0.967585100793558
"44","mucin degradation",26.999999999839,0.949315919626169,0.773600385855178,1,0.338542512602477,0.773600385855178,27.00000000061,3.45328402777149,2.81409149590954,1,0.0740614643802855,2.81409149590954,26.9999999998957,0.537876497788539,0.438317168846702,1,0.469634678808913,0.438317168846702,-0.686530216247362,0.650933545001353,26.9999999999386,-0.0177983356230044,0.9587816145481,0.341196004569079,-0.0521645487774196,-1.54041512132555,0.35104426901491,26.9999999999395,-0.594685426155322,0.228406620371331,0.482524017089104,-1.23244730851502,-0.592620561792143,1.3760727893292,27.0000000001697,0.391726113768528,0.442187867918511,0.502226920150101,0.779978328623748,-0.854256511922869,1.87582995851291,26.9999999998957,0.510786723295022,0.469634678808913,0.696463427892134,0.733400639342876,0.923895328727135,0.648630744556161,0.967585100793558,0.9587816145481,0.923049036480778,0.769883511633319,0.967585100793558
"45","glycolysis (preparatory phase)",26.9999999991612,0.00236663724708478,0.000467116156865368,1,0.961557823526798,0.000467116156865368,26.9999999995318,1.8976891716135,0.374557306516256,1,0.17964981852213,0.374557306516256,26.9999999995903,0.0219044900902168,0.00432340919236411,1,0.883441225550661,0.00432340919236411,0.615148832206678,1.27337578797671,26.9999999994927,0.944262310091692,5.73914985653601e-06,0.167918125272209,5.62334952561534,-0.499138719817429,0.431734768152099,26.9999999994926,-0.0337019758326648,0.888197092360625,0.237472090128222,-0.141919733870484,-0.273718233473597,0.69516561138171,26.9999999995051,0.210723688954057,0.401408638407703,0.247168787921038,0.852549752444372,-0.62107081325603,0.722529333895702,26.9999999995903,0.0507292603198359,0.883441225550661,0.34276143790138,0.148001655700931,0.989934010420703,0.706023691243569,0.967585100793558,0.000107847609876128,0.957587490201299,0.769883511633319,0.967585100793558
"46","glycolysis (pay-off phase)",26.9999999993095,0.819681367770964,0.161766340759477,1,0.373281883699863,0.161766340759477,26.9999999989446,0.046439837613025,0.00916502788949876,1,0.830997896048908,0.00916502788949876,26.9999999993113,0.13337380296812,0.0263216817017572,1,0.717804649715052,0.0263216817017572,0.609717560827056,1.26790655479508,26.9999999993005,0.938812057811066,6.25203535513783e-06,0.167908440961092,5.59121419052785,-0.372842440028783,0.557977361845495,26.999999999269,0.092567460908356,0.699723391680009,0.237458394444098,0.389826020364792,-0.583929511439101,0.384898455156642,26.9999999992032,-0.0995155281412298,0.690379743373308,0.247154533001049,-0.402644964398883,-0.546590774610629,0.796931883337242,26.9999999993113,0.125170554363306,0.717804649715052,0.342741669884091,0.365203782795469,0.923895328727135,0.948621181630097,0.967585100793558,0.000107847609876128,0.923049036480778,0.866112768959241,0.967585100793558
"47","Bifidobacterium shunt",10.6585676527517,0.363753868116795,0.10953804241361,1,0.559043671109253,0.10953804241361,11.3078337166267,0.000585494223757585,0.000176311227828069,1,0.981117216404656,0.000176311227828069,10.6585676573466,0.0334682836270344,0.0100783815452698,1,0.858275740328918,0.0100783815452698,0.11482619532968,0.987217069577218,26.6570489038875,0.551021632453449,0.0199429964025373,0.222552781869679,2.47591437781314,-0.490370793438973,0.670540787359891,9.96467822751372,0.090084996960459,0.767247549511076,0.296156355411627,0.304180529353321,-0.675142983384938,0.608267982362787,26.7876444091225,-0.0334375005110756,0.919415496310875,0.327406772744578,-0.102128310391311,-0.761978884883529,0.91886958160103,10.6585676573466,0.0784453483587504,0.858275740328918,0.428795753325795,0.182943389131814,0.923895328727135,0.981117216404656,0.967585100793558,0.054282275008024,0.923049036480778,0.939019780618713,0.967585100793558
"48","Entner-Doudoroff pathway",27.0000000000483,2.41150881522771,1.20042465223122,1,0.132090582078056,1.20042465223122,27.0000000000483,1.44905936544044,0.721327068695365,1,0.239126963789384,0.721327068695365,27.0000000000482,3.34106189895771,1.66314675808497,1,0.0786421964196432,1.66314675808497,-0.320574769643753,0.72475204874314,26.999999999974,0.202088639549694,0.455120694951324,0.266669904812613,0.757823196028438,-1.65929532839287,-0.18097996471781,26.9999999999739,-0.920137646555341,0.0215407531412268,0.37712819606274,-2.43985375838158,-0.939197110065401,0.599482304459992,27.0000000000708,-0.169857402802704,0.668649785570341,0.392527471591902,-0.432727426984523,-0.0719107051133269,2.06185372779906,27.0000000000482,0.994971511342868,0.0786421964196432,0.544337663789552,1.82785718779058,0.923895328727135,0.706023691243569,0.678288944119422,0.570969599120752,0.743155983372325,0.854385837117658,0.678288944119422
"49","pyruvate:formate lyase",13.8687591530529,0.450955821558469,0.285283665278815,1,0.512912429978389,0.285283665278815,14.8908051811834,0.134311115956791,0.084967896224117,1,0.719158413621713,0.084967896224117,13.8687591507417,0.0720924350910599,0.0456071152393052,1,0.79226682771387,0.0456071152393052,0.191684253054313,1.50875061737559,26.5183793501868,0.850217435214952,0.0176500737866835,0.335992491369773,2.53046558198009,-1.13977025672683,0.551536856271285,13.1481709401101,-0.294116700227773,0.507276866880009,0.431463824422013,-0.681671749935862,-0.916439672236171,1.01970698824327,26.6976649715433,0.0516336580035472,0.917524103448565,0.493924040378169,0.104537649076596,-1.05844755844462,1.39448024347062,13.8687591507417,0.168016342513002,0.79226682771387,0.625758386700884,0.268500344675868,0.923895328727135,0.902216918907241,0.967585100793558,0.050743962136715,0.923049036480778,0.939019780618713,0.967585100793558
"50","acetate to acetyl-CoA",26.9999999991199,1.615750496889,0.8337267221684,1,0.214527682048977,0.8337267221684,26.9999999991199,0.0803701540709375,0.0414709729272855,1,0.778958908157159,0.0414709729272855,26.9999999991199,0.00212268577772802,0.00109530515946995,1,0.963591458594684,0.00109530515946995,-0.380512093735904,0.683762704653283,26.9999999993773,0.151625305458689,0.581129152818217,0.271503662001968,0.558465047361277,-1.11755346760817,0.387558386365711,26.9999999993773,-0.364997540621229,0.350238250905411,0.383964161037144,-0.950603149094219,-0.874609336393588,0.691960749511842,26.9999999994275,-0.091324293440873,0.820967879803783,0.399642569522281,-0.22851492910287,-1.06068726610644,1.11175456902435,26.9999999991199,0.0255336514589542,0.963591458594684,0.55420452933491,0.0460726141837863,0.923895328727135,0.933588945625001,0.967585100793558,0.679625619397575,0.923049036480778,0.928819438078527,0.967585100793558
"51","pyruvate dehydrogenase complex",11.9322597847661,1.1054280223325,0.342621964758891,1,0.313905302732065,0.342621964758891,14.9776926871715,2.16733169360051,0.671753771519885,1,0.161671057275695,0.671753771519885,11.9322597850443,0.220600390664056,0.0683740033262553,1,0.64704978429375,0.0683740033262553,-0.809051310234091,0.474512937152803,22.4110823716272,-0.167269186540644,0.61446560355039,0.32744587592208,-0.51083002975566,-0.742978903744969,0.477527592126745,11.4599917082194,-0.132725655809112,0.677802359670924,0.311359419228852,-0.426277952784713,-1.43013511867383,0.435820838870123,23.4789762875025,-0.497157139901852,0.306930900299162,0.476017919783826,-1.04440845447084,-1.10871402598405,0.680057117237865,11.9322597850443,-0.214328454373091,0.64704978429375,0.456327554315159,-0.469681158515068,0.923895328727135,0.706023691243569,0.967585100793558,0.706635444082949,0.923049036480778,0.769883511633319,0.967585100793558
"52","pyruvate:ferredoxin oxidoreductase",14.8278504780837,0.031859784290196,0.0107892116853489,1,0.860751585500696,0.0107892116853489,16.2928013202272,0.945425694909902,0.320165317575296,1,0.345101659358636,0.320165317575296,14.8278504761604,0.0100577294560399,0.00340601716530065,1,0.92145891537647,0.00340601716530065,0.0593556114276729,1.08247449642039,26.137974368123,0.570915053924031,0.0378515583067301,0.261004511578516,2.18737618928969,-0.68745928473185,0.558632465071165,14.1430113567733,-0.0644134098303422,0.842310089322734,0.317886389656144,-0.202630285304187,-0.485393162239603,1.01636529960926,26.4432690061541,0.265486068684827,0.49436493024493,0.383108688142879,0.692978459903302,-0.859369302468854,0.952057103301031,14.8278504761604,0.0463439004160889,0.92145891537647,0.462107064226227,0.100288231892082,0.969373950651656,0.706023691243569,0.967585100793558,0.0842502426827219,0.952776986283093,0.769883511633319,0.967585100793558
"53","pentose phosphate pathway (oxidative phase)",15.7117452646314,0.262522233144544,0.165703623074431,1,0.615519646270947,0.165703623074431,15.9272107094965,0.433399749692229,0.273561244330921,1,0.519728985344582,0.273561244330921,15.7117452573338,0.424851070014482,0.268165331085259,1,0.523947372217098,0.268165331085259,-0.305131340022085,0.898608878146134,26.9817727136717,0.296738769062024,0.342467685405427,0.307082228975422,0.966316970057471,-1.19324403589561,0.476678857844814,14.9842973735751,-0.358282589025397,0.413555868463947,0.426008566206461,-0.841022029711389,-1.29644976515589,0.475300985630104,26.9888548204839,-0.410574389762895,0.371718245053949,0.451985537683687,-0.908379484589231,-0.805188446734465,1.60757879204175,15.7117452573338,0.401195172653642,0.523947372217098,0.615513156825282,0.651806006427128,0.923895328727135,0.834528416975489,0.967585100793558,0.472605405859489,0.923049036480778,0.769883511633319,0.967585100793558
"54","pentose phosphate pathway (non-oxidative branch)",26.9999999998663,0.0798719324757944,0.0140180261748163,1,0.779626365975262,0.0140180261748163,27.0000000002809,1.66043248438991,0.291416337456802,1,0.208477632066894,0.291416337456802,26.9999999998663,0.0515814513497421,0.0090528689208168,1,0.822044825571214,0.0090528689208168,0.480446065389117,1.10113700207817,27.0000000001854,0.790791533733644,3.0935233806606e-05,0.158342434244962,4.99418578162225,-0.356518263926092,0.521271276781627,26.9999999999695,0.082376506427767,0.715840483104714,0.223930018008395,0.367867189760503,-0.211868665068096,0.70176365572103,27.0000000001687,0.244947495326467,0.302600030293024,0.233073752373957,1.05094414463907,-0.706897203471665,0.560082865576933,26.9999999998663,-0.073407168947366,0.822044825571214,0.323215140441961,-0.22711550222242,0.94375823249637,0.706023691243569,0.967585100793558,0.000355755188775969,0.923049036480778,0.769883511633319,0.967585100793558
"55","lactaldehyde degradation",15.6097765552296,1.68659934402052,0.763006190581448,1,0.212908103985215,0.763006190581448,15.8092975665749,0.33193526664699,0.150165280344657,1,0.57263325155216,0.150165280344657,15.6097765483848,0.855060618306903,0.386823668231327,1,0.369199562840194,0.386823668231327,-0.58211781754329,0.435186972068378,26.9841957314815,-0.073465422737456,0.779275481458951,0.259521296726888,-0.283080516566502,-1.28580829420264,0.127595707986302,14.8808393154803,-0.57910629310817,0.12926114460523,0.360568870993981,-1.60609065200705,-1.14462033977183,0.352734756714349,26.9903381197803,-0.395942791528743,0.30914861942828,0.381985360010982,-1.03653917919095,-0.539295273202895,1.50268454892068,15.6097765483848,0.481694637858894,0.369199562840194,0.520922792008031,0.924694878490685,0.923895328727135,0.834528416975489,0.967585100793558,0.840156378447931,0.923049036480778,0.769883511633319,0.967585100793558
"56","4-aminobutyrate degradation",27.0000000001278,0.00118480884521077,0.000708779163307733,1,0.972794610325948,0.000708779163307733,26.9999999996438,0.364989297944569,0.218344765283558,1,0.550791388804711,0.218344765283558,27.0000000001302,0.918496944159021,0.549465424919182,1,0.346373817708621,0.549465424919182,-1.26348784961093,-0.117551769199503,27.0000000003006,-0.690519809405216,0.0256389684451922,0.292336004500701,-2.36207582635809,-1.08597616651408,0.534622180016419,27.0000000000458,-0.275676993248832,0.510551059285979,0.413425542334853,-0.666811710984099,-1.30958788735304,0.377184351028747,26.9999999999335,-0.466201768162149,0.288204090498502,0.430306947394655,-1.0834167818689,-0.59767210954554,1.74146011949858,27.0000000001302,0.571894004976521,0.346373817708621,0.596728370392236,0.958382462359898,0.989934010420703,0.834528416975489,0.967585100793558,0.0632424189490611,0.923049036480778,0.769883511633319,0.967585100793558
"57","formate conversion",26.9999999991634,0.0369605558804134,0.0125526504850073,1,0.848984052052528,0.0125526504850073,26.999999999236,1.19567050207978,0.406077061081065,1,0.283848895394133,0.406077061081065,26.9999999991656,0.00566256350014296,0.00192313613183838,1,0.940570589900474,0.00192313613183838,-1.35953251710116,-0.49610171473382,26.9999999993547,-0.927817115917492,0.000251887116219854,0.220267007245535,-4.21223826264294,-0.636840723940952,0.584234826937629,26.9999999991315,-0.0263029485016616,0.933330862485314,0.311504588989968,-0.0844383981210264,-0.864372325910703,0.406563402610957,26.9999999992288,-0.228904461649873,0.486231786145033,0.324224255789045,-0.706006591310702,-0.915069140957732,0.847401604043816,26.9999999991656,-0.0338337684569578,0.940570589900474,0.449618145767905,-0.0752500066454679,0.969373950651656,0.706023691243569,0.967585100793558,0.00217252637739624,0.970643096084802,0.769883511633319,0.967585100793558
"58","valine degradation I",27.0000000000825,0.0865327117158167,0.0453588326814317,1,0.770881929914309,0.0453588326814317,27.0000000000825,0.00428724304257387,0.00224729279802745,1,0.948276597929256,0.00224729279802745,27.0000000000825,3.51167300573366,1.84075345774538,1,0.0717984302071304,1.84075345774538,-1.12060470581732,-0.0479255425563943,27.0000000001984,-0.584265124186855,0.041979331717254,0.2736476720292,-2.13509992558793,-0.152966140424665,1.36403128033395,27.0000000001984,0.605532569954644,0.129299993032437,0.386996249095519,1.56469880876077,-0.247808129634444,1.33113284640107,27.0000000002835,0.541662358383315,0.189895221138523,0.402798466831534,1.34474781556172,-2.14154907352294,0.0480480995644459,27.0000000000825,-1.04675048697925,0.0717984302071304,0.558580971476684,-1.87394583852727,0.94375823249637,0.976583362046547,0.678288944119422,0.090517934015329,0.923049036480778,0.769883511633319,0.678288944119422
"59","proline degradation",26.9999999991726,0.572196839239719,0.283703700870415,1,0.455937326907268,0.283703700870415,26.9999999991726,0.00152181744852225,0.000754539718829271,1,0.969169057936395,0.000754539718829271,26.9999999991726,0.612119706894451,0.303498052265394,1,0.440798917744408,0.303498052265394,-1.58395815804562,-0.540707085177498,26.9999999989168,-1.06233262161156,0.000452481312480422,0.266140368164198,-3.99162528007077,-0.730642820277869,0.744736995932504,26.9999999989168,0.00704708782731772,0.985199467077239,0.376379318152778,0.0187233662622695,-0.565891528538562,0.969732471313301,26.9999999990802,0.20192047138737,0.610444225047659,0.391748014750442,0.515434574738051,-1.48979731627125,0.639730018843748,26.9999999991726,-0.425033648713751,0.440798917744408,0.543256751632285,-0.782380794047535,0.923895328727135,0.981117216404656,0.967585100793558,0.00346902339568324,0.985199467077239,0.810012529390163,0.967585100793558
"60","threonine degradation I",26.999999999208,0.210392945760971,0.120177176798293,1,0.650130622147175,0.120177176798293,26.9999999991271,0.141321538540124,0.0807233505910337,1,0.709908385092202,0.0807233505910337,26.9999999992106,0.240901207634584,0.137603601280981,1,0.62752159818864,0.137603601280981,-0.204904568717793,0.914854215849796,26.9999999994266,0.354974823566002,0.22467874942466,0.285658000197989,1.24265668498683,-0.514962881719404,1.06861517800249,26.9999999991598,0.276826148141545,0.499030858206544,0.403981418080373,0.685244755704258,-0.571422128335369,1.07681817387644,26.9999999992563,0.252698022770536,0.55286620572427,0.420477191217012,0.600979144764397,-1.42904284892732,0.856655198730733,26.9999999992106,-0.286193825098295,0.62752159818864,0.583096951190775,-0.490816877903138,0.923895328727135,0.902216918907241,0.967585100793558,0.334209378469399,0.923049036480778,0.784582322632025,0.967585100793558
"61","glutamine degradation II",27.000000000617,0.435485100797391,0.151691274221617,1,0.514900111557445,0.151691274221617,27.0000000001286,1.99945651461728,0.696464944260213,1,0.168783489568085,0.696464944260213,27.0000000001285,0.20170923936851,0.0702607999356511,1,0.656929087364396,0.0702607999356511,-0.134999557357962,0.73942574496505,27.000000000449,0.302213093803544,0.186716271843002,0.223071778160305,1.35477959738307,-0.365816548058867,0.870807573768529,27.0000000004501,0.252495512854831,0.430479556873802,0.315471134056985,0.800375963428786,-0.219374946674965,1.06774424758891,27.0000000002355,0.424184650456974,0.207355948618574,0.328352766789724,1.29185648290462,-1.09696063276825,0.687952541290332,27.0000000001285,-0.204504045738958,0.656929087364396,0.455343360423392,-0.449120517643661,0.923895328727135,0.706023691243569,0.967585100793558,0.292805062662889,0.923049036480778,0.769883511633319,0.967585100793558
"62","serine degradation",27.0000000002321,0.0419317447299892,0.0150902860038322,1,0.839285806484723,0.0150902860038322,27.0000000002321,0.108148822814283,0.0389203138995102,1,0.744798841319086,0.0389203138995102,27.0000000002963,1.15877921955881,0.417018417693788,1,0.291243784522915,0.417018417693788,0.597362836920764,1.4861675226871,27.0000000004497,1.04176517980393,9.05473788507929e-05,0.226740055627836,4.59453525721036,-0.426756309528607,0.830203331382897,27.0000000002391,0.201723510927145,0.534576559101929,0.320658861802115,0.62909070965153,-0.481134800242282,0.827150273351037,27.0000000003203,0.173007736554378,0.60842139573124,0.333752325020486,0.518371629452344,-1.40535457145589,0.408910396145992,27.0000000002963,-0.498222087654948,0.291243784522915,0.462831200448725,-1.07646607914918,0.969373950651656,0.917698572339588,0.967585100793558,0.000892538448672102,0.923049036480778,0.810012529390163,0.967585100793558
"63","cysteine degradation II",11.4547503409433,0.124424933653468,0.0610794826886166,1,0.730689254585094,0.0610794826886166,12.4861813520914,3.76653346050342,1.84896956375032,1,0.0752035645862215,1.84896956375032,11.4547503412412,1.12445008281447,0.551986063812266,1,0.310809659681178,0.551986063812266,-0.715599293685019,0.447161913087556,26.2913794303344,-0.134218690298732,0.654633951756021,0.296628207442659,-0.452481210252661,-0.550019457473316,0.9402404341893,10.7577749126896,0.195110488357992,0.618177736955875,0.380175325520672,0.513211866369226,-1.19721045310673,0.512019093275299,26.5534141969897,-0.342595679915715,0.438995500717099,0.436035957768667,-0.785705109433831,-1.66549878880302,0.496039806666322,11.4547503412412,-0.58472949106835,0.310809659681178,0.551423039535238,-1.06040090664544,0.933658491969842,0.648630744556161,0.967585100793558,0.740487584773205,0.923049036480778,0.769883511633319,0.967585100793558
"64","glutamine degradation I",26.9999999993049,2.55344129805307,0.970331903687311,1,0.12169308470993,0.970331903687311,26.9999999997526,0.374232036914757,0.142211722304779,1,0.54582362130648,0.142211722304779,26.9999999996898,0.0946546406276705,0.0359696609055067,1,0.760701885236436,0.0359696609055067,-0.700764693452011,0.212562278077486,26.999999999834,-0.244101207687262,0.304082154693753,0.232995855723295,-1.04766330254885,-0.192665105422815,1.09897428459534,26.9999999996662,0.453154589586265,0.180356947805256,0.329505899140608,1.37525486119717,-0.744502016288475,0.599878884597514,26.9999999997408,-0.0723115658454803,0.834591379143024,0.342960613432261,-0.210845102945802,-1.07848375166842,0.785837122138852,26.9999999996898,-0.146323314764784,0.760701885236436,0.475600798921,-0.307659943163992,0.923895328727135,0.834528416975489,0.967585100793558,0.428197319874877,0.923049036480778,0.928819438078527,0.967585100793558
"65","cysteine degradation I",26.9999999999435,0.0613240753220228,0.0106512634862306,1,0.806288846960502,0.0106512634862306,27.0000000003624,5.47228569273017,0.950471025924576,1,0.0269678981834127,0.950471025924576,26.9999999998727,1.82370105298802,0.316755211285114,1,0.188084798578375,0.316755211285114,0.514009462006773,1.13147699449886,26.9999999997935,0.822743228252815,1.67311313401368e-05,0.157520122145761,5.22309922723073,-0.179694591808433,0.693536366966921,26.9999999998293,0.256920887579244,0.258888671899128,0.222767093085202,1.15331615644408,0.138748865721478,1.04763646400341,26.9999999999478,0.593192664862445,0.0164413800529185,0.231863341737686,2.5583719289854,-1.0644175823025,0.195982740481668,26.9999999998727,-0.434217420910414,0.188084798578375,0.321536602898329,-1.35044476117612,0.959205697246114,0.465196243663868,0.967585100793558,0.000230889612493889,0.923049036480778,0.319496521040061,0.967585100793558
"66","threonine degradation II",12.8476741291343,0.404239227495776,0.122134372478823,1,0.536069744540998,0.122134372478823,12.9854623748788,0.0680517095587105,0.0205607280979456,1,0.798286199882247,0.0205607280979456,12.8476741181593,0.0185620212715835,0.00560821579337475,1,0.893741240203185,0.00560821579337475,-0.150893738791194,0.674826692995097,26.9891298489403,0.261966477101951,0.224330454454953,0.210646837977501,1.24362881312243,-0.470785209204832,0.683183990146469,12.110809233942,0.106199390470819,0.72450066325536,0.294385307192801,0.360749629400715,-0.693365656078186,0.52203357532482,26.9933580578535,-0.0856660403766829,0.784428494146404,0.310056521698848,-0.276291690003182,-0.775401623029219,0.891255566803775,12.8476741181593,0.057926971887278,0.893741240203185,0.425175463166511,0.136242509047593,0.923895328727135,0.933588945625001,0.967585100793558,0.334209378469399,0.923049036480778,0.928819438078527,0.967585100793558
"67","arginine degradation I",26.9999999993227,0.184870944784778,0.0334174670050518,1,0.670632519718644,0.0334174670050518,26.9999999997273,1.63788475887048,0.296065776865863,1,0.211503816343876,0.296065776865863,26.9999999993887,0.512326424623938,0.0926086649831213,1,0.480278432826298,0.0926086649831213,-0.27686201457716,0.353052332841007,26.9999999991694,0.0380951591319233,0.81439633163309,0.16069538838133,0.237064420551531,-0.492291081673622,0.398542331578548,26.9999999993446,-0.0468743750475371,0.838134524015644,0.227257597659689,-0.206260981064008,-0.79089569380671,0.136313119970993,26.9999999993669,-0.327291286917858,0.177790735112295,0.236537207084265,-1.383677819453,-0.408118193332663,0.87768908402797,26.9999999993887,0.234785445347654,0.480278432826298,0.328018087960523,0.715769812596157,0.923895328727135,0.706023691243569,0.967585100793558,0.851919066436691,0.952776986283093,0.769883511633319,0.967585100793558
"68","histidine degradation",12.0748695017023,1.71472579914841,0.321346447006545,1,0.214742426979163,0.321346447006545,14.4197724957237,0.0106746233283486,0.00200046694427854,1,0.919133728515188,0.00200046694427854,12.0748695013735,0.201358356721043,0.0377353583526407,1,0.661573407621965,0.0377353583526407,-0.865024370395727,0.000806960255197553,24.127443043145,-0.432108705070265,0.0621001944342162,0.220879398162541,-1.956310586976,-0.776821861011832,0.162014270168948,11.4901804437407,-0.307403795421442,0.224596508870991,0.239503413987757,-1.2835048582529,-0.683773298226426,0.58166550087066,24.9767403547695,-0.0510538986778829,0.875611260142709,0.322821952106954,-0.158148782462502,-0.528447049718967,0.842269861290655,12.0748695013735,0.156911405785844,0.661573407621965,0.349679106815651,0.448729714551023,0.923895328727135,0.976583362046547,0.967585100793558,0.122426097598883,0.923049036480778,0.939019780618713,0.967585100793558
"69","arginine degradation V",14.1923194751242,2.55308099243154,0.700083355889181,1,0.132099013311499,0.700083355889181,16.0091920915297,0.987631850975677,0.270819696932366,1,0.335106284262308,0.270819696932366,14.1923194759858,5.63680712161325,1.54567554178556,1,0.032213609921473,1.54567554178556,-0.586911983782322,0.379234367766644,25.6127760212396,-0.103838808007839,0.677048289389985,0.24647043495947,-0.421303301651228,-0.726043798566401,0.400996711487387,13.5367799109576,-0.162523543539507,0.58113942803965,0.287515617364334,-0.565268575771174,-0.920133188026814,0.495898645647171,26.0778217577569,-0.212117271189821,0.562123856073944,0.36123924848708,-0.587193313235474,0.173431121371961,1.81463053078102,14.1923194759858,0.994030826076489,0.032213609921473,0.418681012088647,2.3741961000754,0.923895328727135,0.706023691243569,0.678288944119422,0.753489225288854,0.923049036480778,0.784582322632025,0.678288944119422
