"","feature","anovas.Timepoint DenDF","anovas.Timepoint F value","anovas.Timepoint Mean Sq","anovas.Timepoint NumDF","anovas.Timepoint Pr(>F)","anovas.Timepoint Sum Sq","anovas.Treatment DenDF","anovas.Treatment F value","anovas.Treatment Mean Sq","anovas.Treatment NumDF","anovas.Treatment Pr(>F)","anovas.Treatment Sum Sq","anovas.Treatment:Timepoint DenDF","anovas.Treatment:Timepoint F value","anovas.Treatment:Timepoint Mean Sq","anovas.Treatment:Timepoint NumDF","anovas.Treatment:Timepoint Pr(>F)","anovas.Treatment:Timepoint Sum Sq","coefs.(Intercept) 2.5 %","coefs.(Intercept) 97.5 %","coefs.(Intercept) df","coefs.(Intercept) Estimate","coefs.(Intercept) Pr(>|t|)","coefs.(Intercept) Std. Error","coefs.(Intercept) t value","coefs.TimepointD42 2.5 %","coefs.TimepointD42 97.5 %","coefs.TimepointD42 df","coefs.TimepointD42 Estimate","coefs.TimepointD42 Pr(>|t|)","coefs.TimepointD42 Std. Error","coefs.TimepointD42 t value","coefs.TreatmentDNBS + FMTDNBS 2.5 %","coefs.TreatmentDNBS + FMTDNBS 97.5 %","coefs.TreatmentDNBS + FMTDNBS df","coefs.TreatmentDNBS + FMTDNBS Estimate","coefs.TreatmentDNBS + FMTDNBS Pr(>|t|)","coefs.TreatmentDNBS + FMTDNBS Std. Error","coefs.TreatmentDNBS + FMTDNBS t value","coefs.TreatmentDNBS + FMTDNBS:TimepointD42 2.5 %","coefs.TreatmentDNBS + FMTDNBS:TimepointD42 97.5 %","coefs.TreatmentDNBS + FMTDNBS:TimepointD42 df","coefs.TreatmentDNBS + FMTDNBS:TimepointD42 Estimate","coefs.TreatmentDNBS + FMTDNBS:TimepointD42 Pr(>|t|)","coefs.TreatmentDNBS + FMTDNBS:TimepointD42 Std. Error","coefs.TreatmentDNBS + FMTDNBS:TimepointD42 t value","anovas.Timepoint Pr(>F).BH","anovas.Treatment Pr(>F).BH","anovas.Treatment:Timepoint Pr(>F).BH","coefs.(Intercept) Pr(>|t|).BH","coefs.TimepointD42 Pr(>|t|).BH","coefs.TreatmentDNBS + FMTDNBS Pr(>|t|).BH","coefs.TreatmentDNBS + FMTDNBS:TimepointD42 Pr(>|t|).BH"
"1","ribose degradation",29.9999999986148,0.184300074621746,0.199155783110127,1,0.670771074834889,0.199155783110127,29.9999999986148,1.41662843021021,1.53081730961652,1,0.24329287968556,1.53081730961652,29.9999999986148,0.42155179539379,0.455531437550618,1,0.521104001586502,0.455531437550618,-0.983884398957585,0.556264721452967,29.9999999985923,-0.213809838752309,0.590339301219788,0.392902403452067,-0.544180531535977,-0.678732911798686,1.49936686236291,29.9999999985923,0.410316975282112,0.465980506899634,0.555647907650898,0.738447800544775,-1.2602602138783,0.848675824048197,29.9999999986148,-0.205792194915052,0.70477925692708,0.538003773171731,-0.382510690774213,-1.98524165638718,0.997244290625853,29.9999999986148,-0.493998682880664,0.521104001586502,0.760852232627361,-0.649270202145293,0.797148233861752,0.899406358150615,0.855435624429651,0.693376676468982,0.687571892004612,0.961461453265462,0.855435624429651
"2","aspartate degradation I",29.9999999996467,2.9195377037399,0.642546511767298,1,0.0978411057664699,0.642546511767298,29.9999999996467,1.00408423450947e-05,2.20983898093915e-06,1,0.997492702121676,2.20983898093915e-06,29.9999999996467,0.372683939148128,0.0820221519265091,1,0.546142347158858,0.0820221519265091,0.480142801613923,1.17520602116463,29.9999999998292,0.827674411389276,5.94278079725176e-05,0.177315304014073,4.6678114784925,-0.302941891061103,0.680025940734215,29.9999999993838,0.188542024836556,0.457983567243171,0.25076170775301,0.751877256404163,-0.580143106448871,0.371611404151348,29.9999999996478,-0.104265851148762,0.670676825736181,0.242798979498485,-0.429432822840231,-0.463372320993926,0.882611815946672,29.9999999996467,0.209619747476373,0.546142347158858,0.343369609737105,0.610478451010458,0.235969725672074,0.997492702121676,0.855435624429651,0.000256477908091918,0.687571892004612,0.961461453265462,0.855435624429651
"3","tryptophan degradation",16.0173913026262,0.50115987967013,0.190564514812855,1,0.48916520073922,0.190564514812855,16.3402985410236,0.788105412283297,0.299674677893221,1,0.387554506040578,0.299674677893221,16.0173913027092,15.901753282932,6.04659315711833,1,0.00105702826083679,6.04659315711833,-1.34829605334889,-0.332014709589554,29.4561050504352,-0.840155381469223,0.00295613356472375,0.259260208803742,-3.2405874597795,0.412502331803698,1.72298742333927,17.0835597456639,1.06774487757149,0.00529191114422096,0.334313564400294,3.19384252172613,-0.0322684198965379,1.36086135164351,29.2736279619408,0.664296465873486,0.0716339214037427,0.355396778341051,1.86916850786983,-2.70489474806874,-0.92217935620067,16.0173913027092,-1.8135370521347,0.00105702826083679,0.454782691398897,-3.98770024988488,0.665714497211966,0.930910229885049,0.0866763173886171,0.00808009841024491,0.107882650890817,0.676719483138195,0.0866763173886171
"4","tyrosine degradation I",14.6158463729777,1.98411463461303,2.25327648189372,1,0.179874528186266,2.25327648189372,14.7929178473373,0.361552170898325,0.410599765482656,1,0.556748185695112,0.410599765482656,14.6158463715414,0.000251007474157716,0.000285058750352617,1,0.987573716606173,0.000285058750352617,-1.30537085832077,0.364544102557311,29.8007829688485,-0.470413377881732,0.278325705076768,0.426006542479903,-1.10423979674895,-1.67051790556507,0.579688411214449,15.7257202920385,-0.545414747175311,0.356421591274506,0.574042771838886,-0.950129108721519,-0.877366275568126,1.41001229690173,29.7307317446016,0.266323010666802,0.65141684830732,0.583525664377613,0.4564032516905,-1.54749945889664,1.52268188837978,14.6158463715414,-0.0124087852584276,0.987573716606173,0.783223919289746,-0.0158432153983248,0.335220711619859,0.930910229885049,0.999037880589167,0.368108190585403,0.635360227924119,0.961461453265462,0.999037880589167
"5","phenylalanine degradation",29.9999999995215,1.51063222412963,1.00952730385663,1,0.228596342525948,1.00952730385663,29.9999999995215,1.24055164774736,0.82903749849958,1,0.274209255533724,0.82903749849958,29.9999999995215,0.892610446651274,0.59651489171781,1,0.3523184718094,0.59651489171781,-1.45960737998092,-0.248427273184232,29.9999999997528,-0.854017326582577,0.00966580901035593,0.308980194623555,-2.76398727634652,-1.50678425590938,0.206083077598994,29.9999999995421,-0.650350589155192,0.147098909185384,0.43696398174131,-1.48833912251424,-1.44510156562107,0.213375098614091,29.9999999995642,-0.615863233503488,0.155878871375033,0.423088556044144,-1.45563670939667,-0.607422343085007,1.73801784835564,29.9999999995215,0.565297752635318,0.3523184718094,0.598337574042478,0.944780634142802,0.416321060932936,0.899406358150615,0.787887196433187,0.0208577983907681,0.353740976720205,0.758403025265331,0.787887196433187
"6","xylose degradation",15.970452515173,1.27246462890274,0.513474553886569,1,0.275966845468908,0.513474553886569,16.4540431256447,0.774369568178533,0.312479466644725,1,0.391540322011682,0.312479466644725,15.9704525145702,0.300287877897215,0.121174436317163,1,0.591279711920271,0.121174436317163,-1.04309313605752,0.0681671620445193,28.8115984150875,-0.487462987006498,0.0962494230071452,0.28348997911888,-1.71950694173244,-0.285641614297648,1.0738354333669,16.9823374376177,0.394096909534628,0.271595102875033,0.346811742049327,1.13634246408697,-0.360986758278544,1.16436811663325,28.4451834831344,0.401690679177352,0.3106368293641,0.389128291882809,1.03228340770022,-1.17943037847034,0.664020832983784,15.9704525145702,-0.25770477274328,0.591279711920271,0.470276807633976,-0.547985289854769,0.449096068026808,0.930910229885049,0.860936457615132,0.154753974246782,0.543190205750065,0.943415555846527,0.860936457615132
"7","galacturonate degradation I",16.0381095710144,0.0187645116662221,0.00537375557056148,1,0.892748630327502,0.00537375557056148,16.6544448734204,0.638476982569343,0.182846178082718,1,0.435510978043571,0.182846178082718,16.0381095717605,0.905201129206411,0.259230279853632,1,0.355510076439365,0.259230279853632,-0.462647567680922,0.525092322661078,28.142119454799,0.0312223774900779,0.902268425760979,0.251979091996885,0.12390860385537,-0.737742925365446,0.414077330814291,16.9893644869079,-0.161832797275577,0.588970089856646,0.293837097330652,-0.550756860674635,-0.641243356416751,0.716550533106554,27.6201574853082,0.0376535883449014,0.914222159577724,0.346382357082429,0.10870527200651,-0.400805479737512,1.15701405545478,16.0381095717605,0.378104287858634,0.355510076439365,0.397410245157609,0.951420584813263,0.922268837517375,0.930910229885049,0.787887196433187,0.964831124703635,0.754617927628828,0.961461453265462,0.787887196433187
"8","mannose degradation",15.5258269600602,7.36928885389259,1.54742682436735,1,0.015614338730396,1.54742682436735,15.5826238901751,2.70488523221108,0.567980445351607,1,0.120059835892173,0.567980445351607,15.5258269532194,0.0192224578851543,0.00403639313799561,1,0.891512970810029,0.00403639313799561,0.235751445606936,0.926660336987052,29.9815502943623,0.581205891296994,0.00251671357987488,0.176255506945515,3.29751904703131,-0.00213645415967073,0.960384555266685,16.6419335763123,0.479124050553507,0.0680676613984939,0.245545585791014,1.95126313922537,-0.164641541074914,0.781456659859694,29.9749308914983,0.30840755939239,0.211123541237705,0.241356016844521,1.27781177127671,-0.704796643052185,0.61167154620214,15.5258269532194,-0.0465625484250225,0.891512970810029,0.335839892885394,-0.138645078834967,0.0853583850594982,0.795842834632654,0.974720848085631,0.00737037548391929,0.243266650245193,0.786915017340538,0.974720848085631
"9","rhamnose degradation",15.3853713053689,2.01351277346719,0.965890390576179,1,0.175844955353265,0.965890390576179,15.7451973173408,0.476367328436439,0.228515374217814,1,0.500120387274941,0.228515374217814,15.3853713052433,0.0510119714456345,0.0244706533144264,1,0.824284593427234,0.0244706533144264,-0.759397822189758,0.396598950490398,29.2782373079503,-0.18139943584968,0.543229615320756,0.294902554791443,-0.615116528841085,-1.15754526616699,0.316647498279828,16.4485874454224,-0.420448883943583,0.279635520004147,0.376076493260863,-1.11798767399148,-0.634011214727007,0.951036113140422,29.0404746203813,0.158512449206708,0.697911597850217,0.404356238270213,0.392011880130265,-0.886532697295014,1.11746529750867,15.3853713052433,0.115466300106828,0.824284593427234,0.511233372299431,0.225858299483624,0.335220711619859,0.930910229885049,0.974720848085631,0.655071006710323,0.545955062865239,0.961461453265462,0.974720848085631
"10","glutamate degradation II",15.7208786568134,0.273393254727165,0.0926351541932198,1,0.608355654734559,0.0926351541932198,15.9668129990725,0.30362125863276,0.102877454448735,1,0.589249033910051,0.102877454448735,15.7208786569852,6.10448895060043,2.06841341339608,1,0.0253345740360072,2.06841341339608,-0.843617107843623,0.0900417107257654,29.6695777701775,-0.376787698558929,0.124269176454917,0.238182646705238,-1.58192758276475,-0.1990855870682,1.03377181313485,16.8102124740082,0.417343113033326,0.20226467914917,0.31451021802637,1.32696201621765,0.025376757446728,1.3046559602182,29.5555112610159,0.665016358832462,0.0506165763773508,0.326352732208923,2.03772266385297,-1.89861872257518,-0.218869522123231,15.7208786569852,-1.05874412234921,0.0253345740360072,0.428515323164507,-2.47072640140515,0.759029463584735,0.930910229885049,0.415487014190517,0.188705045727838,0.42527445359569,0.662641918312808,0.415487014190517
"11","methionine degradation I",29.9999999999503,5.44103537586836,1.26555168919376,1,0.0265672804606249,1.26555168919376,29.9999999999503,0.0160546950938136,0.00373422429590873,1,0.900017648418522,0.00373422429590873,29.9999999999503,0.00639079238260386,0.00148645938435939,1,0.936813950247215,0.00148645938435939,0.677206062812518,1.39174884364104,29.9999999998944,1.03447745322678,3.46836218030335e-06,0.182284671163537,5.67506552593605,-0.0794525773591478,0.93106351418433,29.9999999998926,0.425805468412591,0.109014781297076,0.257789454172194,1.65175673993308,-0.452741102077527,0.525686896328097,29.9999999999503,0.0364728971252851,0.884801520782898,0.249603565709202,0.146123301650977,-0.720072171202664,0.663633973948131,29.9999999999503,-0.0282190986272664,0.936813950247215,0.352992747842637,-0.0799424316780761,0.10437456944872,0.949024079863236,0.997646024938593,2.03146927703482e-05,0.308248691943456,0.961461453265462,0.997646024938593
"12","methionine degradation II",14.2355651866113,4.54441014319977,1.37622632847899,1,0.0509138158729123,1.37622632847899,14.8681722798287,1.89541461591992,0.574006178055089,1,0.188970928945582,0.574006178055089,14.2355651856815,0.369402183888476,0.111869526571165,1,0.552903513350872,0.111869526571165,-1.15565961862413,-0.134925641441856,27.5952736089342,-0.645292630032993,0.0196031243299165,0.260396105549309,-2.47811935847404,-1.15246413250453,0.0325841682853484,15.190378535239,-0.559939982109591,0.0835331043986926,0.302313795084346,-1.85218137979237,-1.23055769727022,0.172792644404371,26.9404760420731,-0.528882526432924,0.151188787973755,0.358004114551094,-1.47730851388705,-0.552747813734976,1.04965178198735,14.2355651856815,0.248451984126189,0.552903513350872,0.408782918554079,0.607784652560819,0.166997316063152,0.860867565196539,0.855435624429651,0.0374761841639549,0.262910170839362,0.758403025265331,0.855435624429651
"13","isoleucine degradation",29.9999999996506,0.0161333209593115,0.0151551704818897,1,0.899774475626708,0.0151551704818897,29.9999999996506,0.146694542560066,0.137800568578999,1,0.704414933873881,0.137800568578999,29.9999999996506,0.188525158717244,0.177095027594806,1,0.6672538639542,0.177095027594806,-0.74519113982026,0.690786220443173,29.9999999996027,-0.0272024596885435,0.941298658247449,0.366327486522773,-0.074257217078502,-1.21444840195624,0.816330256189026,29.9999999996027,-0.199059072883605,0.703514051887954,0.518065299710553,-0.384235487292473,-1.27300403243399,0.69328894827352,29.9999999996506,-0.289857542080236,0.567678347825724,0.501614569506731,-0.577849128994142,-1.0823655679442,1.69839263297139,29.9999999996506,0.308013532513595,0.6672538639542,0.709390127280361,0.434194839579243,0.922268837517375,0.930910229885049,0.910025967247523,0.964831124703635,0.804139165548141,0.961461453265462,0.910025967247523
"14","leucine degradation",29.999999999209,2.69512966536586,0.956844017091454,1,0.111098850294271,0.956844017091454,29.999999999209,5.09458840545749,1.80871684874715,1,0.031440457260625,1.80871684874715,29.999999999209,0.632366494558439,0.224507230469448,1,0.432735488565294,0.224507230469448,-1.29541476825126,-0.412619884913901,29.9999999991278,-0.854017326582579,0.000673777056097159,0.225206914591475,-3.79214522845254,-0.808807877543967,0.439652619265298,29.9999999994039,-0.184577629139334,0.566552869285493,0.318490672955463,-0.579538569925862,-0.923184939427529,0.2856317387075,29.9999999992103,-0.318776600360014,0.309527436113916,0.308377268069725,-1.03372275899382,-1.20156461940374,0.507960321237611,29.999999999209,-0.346802149083065,0.432735488565294,0.436111314831769,-0.795214747447782,0.246219073625141,0.672396591787406,0.855435624429651,0.00240216167825944,0.737418020339848,0.943415555846527,0.855435624429651
"15","alanine degradation II",29.9999999992081,0.0803076915325385,0.0333326552805802,1,0.778827341049007,0.0333326552805802,29.9999999992081,0.0207213210403328,0.00860062888142907,1,0.886503359688332,0.00860062888142907,29.9999999992081,1.62293067813843,0.673616534186492,1,0.212464989764099,0.673616534186492,-0.720680912675571,0.233840007128231,29.9999999993157,-0.24342045277367,0.325473342540031,0.243504709099999,-0.999653984817621,-0.441402229304765,0.908494201050615,29.9999999993168,0.233545985872925,0.502850496323479,0.344367662110934,0.678187912422772,-0.319215972980485,0.987815625487321,29.9999999994601,0.334299826253418,0.324072165394472,0.333432555082008,1.00260103927523,-1.52493214006767,0.323489672935685,29.9999999992081,-0.600721233565994,0.212464989764099,0.47154484153369,-1.27394296502568,0.840313710079192,0.949024079863236,0.656551305317195,0.410597139819732,0.710926563767678,0.949068484369526,0.656551305317195
"16","glycine degradation",29.9999999991093,2.52701428022106,1.00343933000707,1,0.122396362658731,1.00343933000707,29.9999999991093,4.75335082878661,1.88748405905681,1,0.0372194389531395,1.88748405905681,29.9999999991093,1.7652506621323,0.700954464550797,1,0.193989326015359,0.700954464550797,-0.797994087103345,0.135627270806099,29.9999999991396,-0.331183408148623,0.174602540508409,0.238173090238833,-1.39051564480488,0.0128162192513195,1.33315620572804,29.9999999988928,0.67298621248968,0.0548512974725213,0.336827614408069,1.99801377233386,0.169968358486577,1.44838205322559,29.9999999991081,0.809175205856085,0.0189266317385322,0.326131935286306,2.48112839714922,-1.51676477746262,0.291185207960795,29.9999999991093,-0.612789784750912,0.193989326015359,0.461220206004879,-1.32862736014742,0.264118466789893,0.672396591787406,0.656551305317195,0.247333079528707,0.214181256797464,0.449631655830939,0.656551305317195
"17","alanine degradation I",29.999999999651,0.50893640127319,0.427669925790371,1,0.481112915943839,0.427669925790371,29.999999999651,1.64265962411587,1.38036131388325,1,0.209778515576201,1.38036131388325,29.999999999651,0.677692802532548,0.569479467066432,1,0.416878606751549,0.569479467066432,-1.53309846708804,-0.174936186077117,29.9999999996846,-0.854017326582579,0.019652145354269,0.346476336229629,-2.46486480397488,-0.923522898862704,0.997208618846524,29.999999999517,0.0368428599919096,0.940562067841609,0.489991533737281,0.0751908093409297,-1.08366559022399,0.776074704931894,29.9999999996159,-0.153795442646048,0.748060750885527,0.47443226248678,-0.324167336006862,-1.86737389701183,0.762696050889362,29.999999999651,-0.552338923061236,0.416878606751549,0.670948540036157,-0.823220992524212,0.665714497211966,0.899406358150615,0.854601143840676,0.0374761841639549,0.952173945222369,0.961461453265462,0.854601143840676
"18","aspartate degradation II",29.9999999994673,3.66137764192193,1.33506627667782,1,0.0652725579860748,1.33506627667782,29.9999999994673,1.17458460735746,0.428294607044318,1,0.287094924018786,0.428294607044318,29.9999999994673,2.72214718879236,0.992590021389415,1,0.109397946783261,0.992590021389415,-0.997050792109557,-0.102390387441767,29.9999999994318,-0.549720589775662,0.0223639758704861,0.228233888919581,-2.40858442354,0.154835331508309,1.4200762095077,29.9999999994318,0.787455770508004,0.0208265745151588,0.322771461103227,2.43966975214133,-0.487429312604271,0.73763489975385,29.9999999994673,0.12510279357479,0.691771499518985,0.312522123370958,0.40030060024357,-1.5954594499122,0.137042973982564,29.9999999994673,-0.72920823796482,0.109397946783261,0.441973025412846,-1.64989308404889,0.172656443705101,0.905453221905401,0.656551305317195,0.040885720753242,0.136964753402086,0.961461453265462,0.656551305317195
"19","urea degradation",29.9999999990106,5.13277940502332,2.12497384552081,1,0.0308578317033971,2.12497384552081,29.9999999990106,3.08121194799266,1.27562365052797,1,0.0894095801341901,1.27562365052797,29.9999999990106,0.739800127731987,0.306277710046315,1,0.396546657672165,0.306277710046315,-1.33066729183514,-0.377367361330017,29.9999999989662,-0.854017326582579,0.00143168311685022,0.243193226514526,-3.51168220769327,-1.41009134436455,-0.0619216536348783,29.9999999989652,-0.736006498999715,0.0406048631106887,0.343927159214114,-2.14000691507328,-1.26854307851069,0.0368166115037182,29.9999999990462,-0.615863233503486,0.0742740896127288,0.333006039986173,-1.84940559495275,-0.517964070805156,1.32809330658836,29.9999999990106,0.405064617891601,0.396546657672165,0.470941658100603,0.860116345462628,0.115015554530844,0.733158557100359,0.854601143840676,0.00451530829160455,0.184977709726471,0.676719483138195,0.854601143840676
"20","acetyl-CoA to acetate",29.9999999993986,3.03561095667601,0.343191135572692,1,0.0917006813820804,0.343191135572692,29.9999999993986,1.41542993788921,0.160021496377682,1,0.243487830574524,0.160021496377682,29.9999999993986,1.39658170395097,0.157890608427572,1,0.246579959355071,0.157890608427572,0.899705558668378,1.39787151076708,29.9999999995817,1.14878853471773,4.5509941043864e-10,0.12708548627122,9.03949434686849,-0.283283322851497,0.421229722918994,29.9999999996428,0.0689732000337487,0.703856456566484,0.17972601826554,0.383768586759892,-0.340092929053374,0.342048894310369,29.9999999992,0.000977982628497467,0.995553136512768,0.174018968905651,0.00561997714759306,-0.191513385892669,0.77318083217025,29.9999999993986,0.29083372313879,0.246579959355071,0.246099985936554,1.18177058008353,0.227862299191836,0.899406358150615,0.657372150205371,4.66476895699606e-09,0.804139165548141,0.995553136512768,0.657372150205371
"21","succinate consumption",15.8424002880094,19.5305331206687,3.43486923995726,1,0.000439328348961992,3.43486923995726,16.3086479972615,4.86052715191544,0.854829466299784,1,0.0421647367982141,0.854829466299784,15.8424002880881,0.371450593880588,0.065327669818396,1,0.550856178853144,0.065327669818396,-1.22736463561123,-0.498794861705506,28.8754948843524,-0.863079748658366,6.88460887256964e-05,0.185863051477626,-4.64363272741309,-1.03956969278234,-0.142768529498478,16.8630538921727,-0.591169111140411,0.019394550965066,0.228780010846556,-2.58400683238411,-0.851716958492022,0.148170542768265,28.5252394542658,-0.351773207861879,0.178587961571019,0.255078029276883,-1.37908078112065,-0.797386253399279,0.419107253146021,15.8424002880881,-0.189139500126629,0.550856178853144,0.310335678650436,-0.609467467450551,0.0153280621522092,0.672396591787406,0.855435624429651,0.000282268963775355,0.136964753402086,0.758403025265331,0.855435624429651
"22","starch degradation",30.0000000000762,5.60447320634346,1.86222340536924,1,0.0245616956234064,1.86222340536924,30.0000000000762,2.02553199310729,0.673032584332683,1,0.16499180717994,0.673032584332683,30.0000000000762,1.38828536658561,0.461291794572442,1,0.247956801759335,0.461291794572442,-0.0736658483488231,0.78037286668048,30.0000000000807,0.353353509165829,0.115300374607682,0.217871022571295,1.62184720572557,0.144064131638571,1.3518572652247,29.9999999998286,0.747960698431637,0.0214151698371357,0.30811615496842,2.42752834075934,-0.636394602995147,0.533046070015543,30.0000000000748,-0.0516742664898021,0.86364937594905,0.298332184222539,-0.173210498976054,-1.32403169530431,0.329807164858124,30.0000000000762,-0.497112265223095,0.247956801759335,0.421905421019903,-1.17825522132754,0.10437456944872,0.795842834632654,0.657372150205371,0.178389258826979,0.136964753402086,0.961461453265462,0.657372150205371
"23","lactose degradation",29.9999999993997,3.45990073186806,0.679419423603866,1,0.0727039374042217,0.679419423603866,29.9999999993997,0.935164227474906,0.183637852541194,1,0.341256362173843,0.183637852541194,29.9999999993997,1.64130844094752,0.322303129865417,1,0.209961162933552,0.322303129865417,1.43035016564496,2.0868977785435,29.9999999993542,1.75862397209423,1.45138338240783e-11,0.167489713606296,10.4998924066948,0.0451656273939848,0.973664165898778,29.9999999993894,0.509414896646381,0.0396836193929092,0.23686622454001,2.15064388194499,-0.0849182250232708,0.814096619128476,29.999999999361,0.364589197052603,0.122387124989038,0.229344735730621,1.58969943605261,-1.0512261356347,0.220172849739434,29.9999999993997,-0.415526642947634,0.209961162933552,0.324342435729118,-1.28113560599474,0.186303839598318,0.930910229885049,0.656551305317195,3.96711457858141e-10,0.184977709726471,0.758403025265331,0.656551305317195
"24","pectine degradation II",29.9999999994416,0.251658047313147,0.205479102994812,1,0.619571801809611,0.205479102994812,29.9999999994416,0.462335822829279,0.377497764015932,1,0.501748054321485,0.377497764015932,29.9999999994416,1.05352220344856,0.860202165839579,1,0.312902626745882,0.860202165839579,-1.52340466041627,-0.184629992748889,29.9999999995082,-0.854017326582579,0.0180920786418366,0.341530425616865,-2.50056001611005,-0.773127164291437,1.12018612768531,29.999999999542,0.173529481696934,0.721904758522441,0.482996959870425,0.359276550609112,-0.80202725744893,1.03116545479584,29.9999999996244,0.114569098673453,0.808136984263309,0.467659795461742,0.244983853188265,-1.97510214603918,0.617423850060886,29.9999999994416,-0.678839147989147,0.312902626745882,0.661370825318624,-1.02641229700767,0.759029463584735,0.930910229885049,0.777515617974616,0.0361841572836732,0.80751000317447,0.961461453265462,0.777515617974616
"25","arabinoxylan degradation",16.2814432643366,1.22328338756594,0.912036493665397,1,0.284792628504805,0.912036493665397,16.5759809289501,0.380315815205208,0.28354991665131,1,0.545811932632986,0.28354991665131,16.2814432632389,0.369291456111182,0.275330547439545,1,0.55177346408138,0.275330547439545,-0.66715869469733,0.742131340299058,29.5583045585372,0.037486322800864,0.917661063137832,0.359519370282487,0.104267880674718,-0.757838867259698,1.07497531091663,17.3506911491023,0.158568221828465,0.738576222415674,0.467563228873931,0.339137494217322,-0.927114168099133,1.00441385683103,29.4083421855592,0.0386498443659492,0.938011173917524,0.492745795373234,0.0784376949105645,-0.860586498054845,1.63406028890106,16.2814432632389,0.386736895423109,0.55177346408138,0.636401180489377,0.607693554442683,0.449096068026808,0.930910229885049,0.855435624429651,0.964831124703635,0.80751000317447,0.961461453265462,0.855435624429651
"26","butyrate production II",30.0000000003664,2.19321947388726,1.40969619939133,1,0.149046628677293,1.40969619939133,30.0000000003664,0.300408345487697,0.193088064346274,1,0.587682127500038,0.193088064346274,30.0000000003664,0.000447766110347496,0.00028780256216417,1,0.983257753541259,0.00028780256216417,-1.44792753301206,-0.260107120153098,30.0000000000627,-0.854017326582579,0.00846421357137829,0.30302097952522,-2.81834389130638,-1.28063393609534,0.399197801433415,30.0000000000641,-0.440718067330961,0.311970260041993,0.428536378928146,-1.02842626437756,-0.658643029608413,0.967847056361468,30.0000000000855,0.154602013376528,0.712066330696752,0.414928564708185,0.372599108680931,-1.13768524764162,1.16251909100237,30.0000000003664,0.0124169216803731,0.983257753541259,0.586797603626318,0.0211604846434928,0.298093257354587,0.930910229885049,0.999037880589167,0.0187585273744059,0.58139912098735,0.961461453265462,0.999037880589167
"27","fructan degradation",29.9999999997883,0.00850387387917608,0.0049276523748651,1,0.927139123185361,0.0049276523748651,29.9999999997883,0.0808026103418847,0.0468218579442366,1,0.778165538743157,0.0468218579442366,29.9999999997883,0.215204198332702,0.124702164456115,1,0.646067243426221,0.124702164456115,0.189883540348168,1.31770587987622,29.9999999996586,0.753794710112196,0.0136658161973142,0.28771506732373,2.61993477478899,-0.952413439191451,0.642568209316478,29.9999999994156,-0.154922614937487,0.706073413652026,0.406890550308307,-0.38074763550075,-0.980588511591058,0.563745828953357,29.9999999994783,-0.20842134131885,0.600678609485422,0.393970081268311,-0.529028348162576,-0.833543172799595,1.35047539643683,29.9999999997883,0.258466111818616,0.646067243426221,0.557157832098876,0.463901065242043,0.938585285199995,0.930910229885049,0.910025967247523,0.0280149232044942,0.804139165548141,0.961461453265462,0.910025967247523
"28","acetyl-CoA to crotonyl-CoA",29.9999999995726,0.850408537969744,0.551238982667339,1,0.363794173036319,0.551238982667339,29.9999999995726,0.120347561475858,0.078009879243248,1,0.731079610375826,0.078009879243248,29.9999999995726,0.572008779265964,0.370778894473628,1,0.45536027841015,0.370778894473628,-0.54301028824479,0.649838028501125,29.9999999995576,0.0534138701281672,0.861844028135746,0.304303631636844,0.175528204644995,-0.794601033196989,0.892341234199002,29.999999999559,0.0488701005010066,0.910344041128855,0.430350322940211,0.113558879582382,-1.14174215572623,0.49163267118328,29.9999999995725,-0.325054742271477,0.44144535379763,0.416684908445606,-0.780097228584677,-0.709289419861181,1.60065141279306,29.9999999995726,0.445680996465939,0.45536027841015,0.589281448759967,0.756312620062606,0.532698610517467,0.930910229885049,0.855435624429651,0.942282804095082,0.933509568111939,0.961461453265462,0.855435624429651
"29","butyrate production I",29.9999999994619,4.62478181882591,1.39990664346227,1,0.0396933323898409,1.39990664346227,29.9999999994619,0.0973499226816192,0.0294675097856043,1,0.75719158756303,0.0294675097856043,29.9999999994619,0.374947854723342,0.113495514673249,1,0.544933244893242,0.113495514673249,-0.450928117095193,0.364213336325297,29.9999999993791,-0.0433573903849478,0.836246937894989,0.207948069416128,-0.208501047913961,-0.0201043201805881,1.13267977849919,29.9999999996559,0.556287729159299,0.0682333287273101,0.29408298003759,1.8916012381546,-0.49762124213142,0.618557161858454,29.9999999997571,0.0604679598635172,0.833263610748812,0.284744621022158,0.2123585676402,-1.03583624818121,0.54267838876922,29.9999999994619,-0.246578929705997,0.544933244893242,0.402689704862323,-0.612329857775482,0.141515358955085,0.930910229885049,0.855435624429651,0.926652012262015,0.243266650245193,0.961461453265462,0.855435624429651
"30","succinate production",29.9999999993636,1.47814378034401,0.243300850507458,1,0.233545961011159,0.243300850507458,29.9999999993636,0.432365826317276,0.0711669423991158,1,0.515844191979087,0.0711669423991158,29.9999999993636,1.59613977359079,0.262722862016199,1,0.21618152736054,0.262722862016199,-0.249119360991579,0.351974842628202,29.9999999996691,0.0514277408183113,0.739674922309336,0.15334317578311,0.335376781885952,-0.0569452325177906,0.793130342505159,29.9999999994119,0.368092554993684,0.099978365679175,0.216859998889836,1.69737414404707,-0.126333181367709,0.696748954902684,29.9999999996378,0.285207886767487,0.184495360746654,0.209973791039723,1.35830231647116,-0.957166113411668,0.206847806648943,29.9999999993636,-0.375159153381363,0.21618152736054,0.296947783031271,-1.26338425413284,0.416321060932936,0.930910229885049,0.656551305317195,0.830867720950214,0.292793785203298,0.758403025265331,0.656551305317195
"31","homoacetogenesis",30.0000000000478,0.366269562610133,0.626853030353245,1,0.549595843386152,0.626853030353245,30.0000000000478,0.646995197152792,1.107301674398,1,0.427517528647552,1.107301674398,30.0000000000478,0.686099703866216,1.17422718783432,1,0.4140356047601,1.17422718783432,-1.66258473122078,0.275672962813447,29.999999999967,-0.693455884203664,0.171046728242463,0.494462579242005,-1.40244360911337,-1.47737125210683,1.26373906617037,29.9999999999348,-0.106816092968231,0.879616252120004,0.699275685650024,-0.152752476827417,-1.33850125432725,1.31556739887397,30.0000000000833,-0.0114669277266405,0.986599741806465,0.677070771232579,-0.0169360844004024,-1.08358304260655,2.66983684221991,30.0000000000478,0.793126899806679,0.4140356047601,0.957522667363525,0.828311356837642,0.704169674338507,0.930910229885049,0.854601143840676,0.247333079528707,0.933509568111939,0.995553136512768,0.854601143840676
"32","propionate production II",30.0000000000257,5.42836774005834,3.35365282480788,1,0.0267300726636967,3.35365282480788,30.0000000000257,0.0056435756129924,0.00348660853553841,1,0.940614986449074,0.00348660853553841,30.0000000000257,0.428947985847069,0.265004637363829,1,0.517496278273724,0.265004637363829,-1.29738858198043,-0.132851057743792,30.0000000002969,-0.715119819862112,0.0224372857792182,0.297081357979627,-2.40715144405376,-1.68203126043756,-0.0351264997697209,30.0000000000229,-0.858578880103643,0.0498635170802539,0.420136485583005,-2.04357133828125,-1.00730590487456,0.587302772839505,30.0000000000719,-0.210001566017529,0.609475515073272,0.406795402949273,-0.516233872101342,-0.750773829912272,1.50434338878879,30.0000000000257,0.376784779438258,0.517496278273724,0.57529557596189,0.654941207931726,0.10437456944872,0.976334542896507,0.855435624429651,0.040885720753242,0.214181256797464,0.961461453265462,0.855435624429651
"33","propionate production III",15.7407732856425,1.04758121281255,0.443884064293072,1,0.321538192637747,0.443884064293072,15.9853953601502,0.000283337374383385,0.00012005651091218,1,0.986778444224888,0.00012005651091218,15.7407732834001,4.08038543979505,1.72895241986607,1,0.0607414212799834,1.72895241986607,-0.506583488460769,0.537044273803528,29.6737947229851,0.0152303926713794,0.954764372823294,0.266236464163704,0.0572062610552642,0.0399016717494914,1.41849272313952,16.8301324257055,0.729197197444505,0.0538044146807574,0.351687853007549,2.07342161865582,-0.23563112632589,1.19431579089961,29.5611323807777,0.479342332286862,0.198943566843089,0.364789079928189,1.31402599107743,-1.9071239693143,-0.0287664297775062,15.7407732834001,-0.967945199545902,0.0607414212799834,0.479181646793777,-2.01999639598566,0.488261699931394,0.997492702121676,0.656551305317195,0.965562120318602,0.214181256797464,0.776827261006346,0.656551305317195
"34","lactate production",29.9999999997023,0.209702530088066,0.0845997699699701,1,0.650300370839906,0.0845997699699701,29.9999999997023,0.887348650688472,0.357980858408728,1,0.35372110083495,0.357980858408728,29.9999999997023,1.96584104401788,0.793074361342207,1,0.17115293293737,0.793074361342207,0.767792113276768,1.70884021419337,29.9999999997864,1.23831616373507,1.49024758272685e-05,0.24006770235052,5.15819559070473,-0.884884401423138,0.445958585738567,29.9999999997864,-0.219462907842286,0.522924610382806,0.339507000551853,-0.646416443506492,-0.751237628765631,0.537345552657922,29.9999999999261,-0.106946038053855,0.747185991706584,0.32872623976454,-0.325334655762369,-0.259352078756341,1.56297973265872,29.9999999997023,0.651813826951188,0.17115293293737,0.464889106582922,1.40208453526094,0.784185741306945,0.930910229885049,0.656551305317195,7.18825304609421e-05,0.714663634189834,0.961461453265462,0.656551305317195
"35","ethanol production I",29.9999999993308,0.103051272775565,0.0207836062536294,1,0.750423979255145,0.0207836062536294,29.9999999993308,0.334351309679691,0.0674327039696271,1,0.567423726174128,0.0674327039696271,29.9999999993308,2.53748508493558,0.511765546017235,1,0.121655000449975,0.511765546017235,0.57169131303463,1.2370607370405,29.9999999993397,0.904376025037564,9.22556417984718e-06,0.169740216977,5.32800087771839,-0.679529674917056,0.261444788500416,29.9999999993397,-0.20904244320832,0.390760948151792,0.240048916929025,-0.870832686448354,-0.81238125470512,0.098713351800462,29.9999999993673,-0.356833951452329,0.135201363906601,0.23242636438531,-1.53525591813147,-0.12063816278954,1.16784418633563,29.9999999993308,0.523603011773046,0.121655000449975,0.328700516766777,1.59294855062415,0.831550895931377,0.930910229885049,0.656551305317195,5.04330841831646e-05,0.667549953092645,0.758403025265331,0.656551305317195
"36","fucose degradation",13.0151831232977,0.0630565796742362,0.0347375212582499,1,0.805649478785102,0.0347375212582499,13.5168418891793,0.0172782917931749,0.00951851545980523,1,0.897358195579144,0.00951851545980523,13.0151831222321,1.81689297115674,1.00091629669076,1,0.200677380117327,1.00091629669076,-1.00162708599652,0.307708633199422,28.1225670024279,-0.346959226398548,0.307776115950324,0.334020351782944,-1.0387367851885,-1.09644374286069,0.493464905269648,14.0180916334242,-0.301489418795521,0.469561292100711,0.405596393778491,-0.743323716433665,-1.22107658438348,0.576549639881953,27.5667065679694,-0.322263472250762,0.488115138023151,0.458586545070439,-0.702732070347293,-0.33647412460002,1.81853119877391,13.0151831222321,0.741028537086945,0.200677380117327,0.549756357864822,1.34792172293377,0.846964836671518,0.949024079863236,0.656551305317195,0.394338148561353,0.687571892004612,0.961461453265462,0.656551305317195
"37","galactose degradation",29.9999999995864,6.58312630259884,0.5259801195472,1,0.0155330800630585,0.5259801195472,29.9999999995864,1.46390682746972,0.116963559975222,1,0.235757337339815,0.116963559975222,29.9999999995864,0.201274321687469,0.0160814614389463,1,0.65691808765852,0.0160814614389463,0.881089935497433,1.29988122260894,29.9999999996,1.09048557905318,2.83264779409571e-11,0.106836475163543,10.2070531378342,-0.0771264109218245,0.515133907114949,29.9999999996014,0.219003748096562,0.157573254654468,0.151089592132419,1.44949592493851,-0.207976541616768,0.365477045477215,29.999999999585,0.0787502519302233,0.594335501509623,0.146291868528532,0.538309153627798,-0.312675526134993,0.498310314124819,29.9999999995864,0.0928173939949132,0.65691808765852,0.206887944537952,0.448636068197229,0.0853583850594982,0.899406358150615,0.910025967247523,4.64554238231697e-10,0.353740976720205,0.961461453265462,0.910025967247523
"38","arabinose degradation",14.7916182843381,4.20140874036644,1.45540532703823,1,0.0585552195092695,1.45540532703823,15.1828668187093,0.0971944699517119,0.0336690281922059,1,0.759462894117105,0.0336690281922059,14.7916182836172,6.55617175601404,2.27111616325341,1,0.0219190531193591,2.27111616325341,-1.31437555532666,-0.320954243538301,29.0869322381602,-0.81766489943248,0.00309473723584706,0.253428460835081,-3.22641307427809,-0.516182191780347,0.73823996285971,15.8483714987602,0.111028885539682,0.733190992009639,0.320011531980888,0.346952764021994,-0.209186502876696,1.15326759951188,28.7916515104472,0.472040548317594,0.18497634762569,0.347571208740427,1.35811176658802,-1.96528329954255,-0.261085418451308,14.7916182836172,-1.11318435899693,0.0219190531193591,0.434752346097616,-2.56050224682855,0.172062764918486,0.930910229885049,0.415487014190517,0.00818607913998255,0.80751000317447,0.758403025265331,0.415487014190517
"39","fructose degradation",29.9999999991428,0.250777457903673,0.149886663242148,1,0.620182610489966,0.149886663242148,29.9999999991428,1.0616440676763,0.63453186017997,1,0.311076324997113,0.63453186017997,29.9999999991428,2.6314035321664,1.57275816724932,1,0.115233090885405,1.57275816724932,0.230815268106301,1.37623936296674,29.9999999994675,0.803527315536519,0.0100030105897298,0.292205393541768,2.74987160845018,-1.4105726100074,0.209301679613158,29.9999999994675,-0.60063546519712,0.156473506768148,0.413240830545336,-1.45347560260318,-0.951653982864892,0.616782553797602,29.9999999994418,-0.167435714533645,0.678587754839323,0.400118713668752,-0.418465092518169,-0.191147421890622,2.02695679997896,29.9999999991428,0.917904689044171,0.115233090885405,0.565853311429626,1.62216014381022,0.759029463584735,0.930910229885049,0.656551305317195,0.0210319709835344,0.353740976720205,0.961461453265462,0.656551305317195
"40","trehalose degradation",29.9999999996427,3.74789699584449,1.82404991240331,1,0.0623465433636509,1.82404991240331,29.9999999996427,0.349886082463237,0.170284743357628,1,0.558608939809329,0.170284743357628,29.9999999996427,0.0733573498740634,0.0357020130916843,1,0.788364618624459,0.0357020130916843,-0.528281051221644,0.505321570827236,29.9999999997338,-0.0114797401972038,0.965562120318602,0.263678983440973,-0.0435368039097953,-1.29427540107377,0.167459445132149,29.9999999997338,-0.563407977970811,0.141279452354125,0.372898394494975,-1.51088872005965,-0.927824402717908,0.487494276263738,29.9999999996427,-0.220165063227085,0.546599696329074,0.36105731792663,-0.609778703534891,-0.862484369528296,1.13907850136752,29.9999999996427,0.138297065919613,0.788364618624459,0.510612155805895,0.270845620001623,0.172101167682646,0.930910229885049,0.964864160107546,0.965562120318602,0.353740976720205,0.961461453265462,0.964864160107546
"41","sucrose degradation I",16.580743105614,0.397142729686475,0.209799869923716,1,0.537157660864592,0.209799869923716,16.670132019165,0.101019246098291,0.0533657627522094,1,0.754556684668831,0.0533657627522094,16.5807431015566,0.328792014385819,0.17369201723662,1,0.57406690165585,0.17369201723662,0.414343479398931,1.52182966233895,29.9596120876323,0.968086570868939,0.00179587941174216,0.282527176947058,3.42652548094638,-0.749319826357019,0.779593947102729,17.6781086926389,0.015137060372855,0.969477290001307,0.390036190848308,0.0388093739197193,-1.00028152586747,0.516337006636909,29.9451664100311,-0.241972259615279,0.536437230362882,0.386899592152527,-0.625413581516227,-0.739176393735604,1.35054061104695,16.5807431015566,0.305682108655672,0.57406690165585,0.53310086850217,0.573403884173991,0.699157590331692,0.930910229885049,0.855881562468722,0.00545415228751322,0.969477290001307,0.961461453265462,0.855881562468722
"42","hydrogen metabolism",16.4880299824211,4.30803644159235,2.15247245212909,1,0.0539147118103277,2.15247245212909,16.6221859092086,0.41215599599302,0.205930112101579,1,0.529632297118557,0.205930112101579,16.4880299841056,8.95327762349612,4.47342628181574,1,0.00840151025489891,4.47342628181574,-0.901607893315655,0.191122028183463,29.9085051040258,-0.355242932566096,0.212350327730251,0.278762755366535,-1.27435579440661,-2.06001171208583,-0.570172704601271,17.5830937260074,-1.31509220834355,0.00287223751691915,0.380067955134946,-3.46015019307959,-1.70454447814227,-0.207973041824403,29.8759966363556,-0.956258759983334,0.0179436889611579,0.381785443029216,-2.50470199281578,0.535732890215901,2.57017908582968,16.4880299841056,1.55295598802279,0.00840151025489891,0.519000913195659,2.99220280453985,0.170038706478726,0.930910229885049,0.22964128030057,0.290212114564676,0.107882650890817,0.449631655830939,0.22964128030057
"43","sucrose degradation II",13.6167140250735,1.26741866861339,1.71726428628531,1,0.279703076861868,1.71726428628531,13.8893082310285,0.0176535148948657,0.0239192868206094,1,0.896204685941096,0.0239192868206094,13.6167140240912,0.08905101306446,0.120657938990617,1,0.76989226813202,0.120657938990617,-1.61083286248555,0.274068597231305,29.4629992826632,-0.668382132627122,0.174942909910549,0.480851044862231,-1.38999829524883,-0.623563614403356,1.84476973466791,14.7041295275247,0.610603060132277,0.347881793946733,0.62968844543603,0.969690748747125,-1.2300673045883,1.35297161598437,29.2804683216895,0.0614521556980355,0.926334112671385,0.658950608518153,0.0932576052038696,-1.93647225433779,1.42471495747782,13.6167140240912,-0.255878648429988,0.76989226813202,0.857461473355691,-0.298414163645863,0.449096068026808,0.949024079863236,0.956532817982206,0.247333079528707,0.633917935636269,0.961461453265462,0.956532817982206
"44","melibiose degradation",29.9999999995451,2.23732068103654,0.526715813767025,1,0.145160901028377,0.526715813767025,29.9999999995451,0.0689411642011279,0.0162303069524301,1,0.794679464536018,0.0162303069524301,29.9999999995451,0.00121122651002295,0.000285150073608294,1,0.972467622936269,0.000285150073608294,1.0524349729361,1.77130955294545,29.9999999996391,1.41187226294078,1.37480339799904e-08,0.183389742280914,7.6987526422175,-0.236543307502889,0.780098873191595,29.9999999996392,0.271777782844353,0.303049685474345,0.259352260733776,1.047909827643,-0.532622969692698,0.451736589027734,29.9999999995471,-0.0404431903324817,0.8731310764293,0.251116746655789,-0.161053338222472,-0.708406888992624,0.683687749201406,29.9999999995451,-0.012359569895609,0.972467622936269,0.355132708859626,-0.0348026796385414,0.297579847108173,0.930910229885049,0.999037880589167,1.02485344214474e-07,0.577908702532471,0.961461453265462,0.999037880589167
"45","lactose and galactose degradation",30.000000000173,2.82174778851425,1.36551805115154,1,0.103381410510265,1.36551805115154,30.000000000173,3.43216679320332,1.66091587978163,1,0.073799625927886,1.66091587978163,30.000000000173,0.126022967371617,0.0609858320811281,1,0.725075396085832,0.0609858320811281,-1.36935120843501,-0.338683444730144,30.0000000001283,-0.854017326582577,0.00286026236720933,0.262930281330331,-3.24807520176665,-1.24681465694867,0.210769672783505,30.0000000005335,-0.518022492082581,0.173816946391796,0.371839569815928,-1.39313438948689,-1.26766534833513,0.143634610351268,30.000000000173,-0.562015368991931,0.129008755453273,0.360032115339505,-1.56101454577728,-0.817188612097053,1.17869093005384,30.000000000173,0.180751158978395,0.725075396085832,0.509162300403002,0.354997137131579,0.24220787605262,0.672396591787406,0.929002851234972,0.00808009841024491,0.375078673792823,0.758403025265331,0.929002851234972
"46","maltose degradation",29.9999999995929,0.0855220877656735,0.0857691784766385,1,0.771962080269275,0.0857691784766385,29.9999999995929,0.082071410115914,0.0823085311171109,1,0.776478874034565,0.0823085311171109,29.9999999995929,0.138669197099866,0.139069840622441,1,0.712225429373828,0.139069840622441,-1.09512322515656,0.388609052729037,29.9999999993412,-0.353257086213761,0.358125013513039,0.378510087325351,-0.933283148964315,-1.29280931280213,0.805504997514406,29.9999999993413,-0.243652157643862,0.652260961429413,0.535294098990536,-0.455174376297711,-1.25730973079284,0.774374363948319,29.9999999995929,-0.241467683422262,0.644661059963624,0.518296282678362,-0.465887353415785,-1.16366760458909,1.70956759665156,29.9999999995929,0.272949996031233,0.712225429373828,0.732981632291299,0.372383132136602,0.840313710079192,0.930910229885049,0.927023574740538,0.442928748270428,0.79828953488376,0.961461453265462,0.927023574740538
"47","glyoxylate bypass",15.98470897843,32.1213421945342,6.08110776668572,1,3.5103140609175e-05,6.08110776668572,16.3456341078157,2.47697702752453,0.468933214208734,1,0.134678922402868,0.468933214208734,15.9847089795884,1.46876211801921,0.27806125501257,1,0.243151793889851,0.27806125501257,-0.607244488090549,0.119696211564203,29.3225798248427,-0.243774138263173,0.198861412269625,0.185447463675039,-1.31451858888909,0.641685050721311,1.5679055712113,17.0401980959314,1.10479531096631,0.000215842021626542,0.236285086816876,4.67568785592694,0.0065303750347584,1.00329705679268,29.0991639899853,0.504913715913717,0.0565669930267032,0.254281887223512,1.98564562119166,-1.01876326474785,0.240258939473677,15.9847089795884,-0.389252162637087,0.243151793889851,0.321185035580382,-1.21192496385676,0.00287845752995235,0.795842834632654,0.657372150205371,0.276383657730665,0.0176990457733764,0.662641918312808,0.657372150205371
"48","glycerol degradation II",30.0000000000001,0.406731857675661,0.0726783958916218,1,0.528471074692571,0.0726783958916218,30.0000000000001,2.21367111906086,0.3955580634484,1,0.147229579690043,0.3955580634484,30.0000000000001,2.74160117115388,0.489893209823136,1,0.108191788757824,0.489893209823136,0.531388882780905,1.15768199888009,30.0000000002039,0.844535440830498,1.03902829232661e-05,0.15977158790654,5.28589251628717,-0.600342376769913,0.285369842038466,29.9999999999683,-0.157486267365723,0.491173644834709,0.225951146499314,-0.696992557044633,-0.454773135086535,0.402814033157782,30.0000000002501,-0.0259795509643766,0.906265489179386,0.218776256862079,-0.118749407897378,-0.0941139971584098,1.11869740708984,30.0000000000001,0.512291704965716,0.108191788757824,0.309396349579572,1.65577811652222,0.698945614915981,0.795842834632654,0.656551305317195,5.3250199981739e-05,0.706600682042915,0.961461453265462,0.656551305317195
"49","glycerol degradation I",13.435483739217,0.131428988798599,0.143501622979742,1,0.722594165375091,0.143501622979742,13.6763260296595,0.0155004308933575,0.0169242494400584,1,0.902730222308932,0.0169242494400584,13.4354837418894,0.0301197334409414,0.0328864329856152,1,0.864806400168832,0.0328864329856152,-0.874603846977694,0.79934441026532,29.5659695527484,-0.037629718356187,0.930376661693492,0.427035463520479,-0.0881184856310707,-1.0336981108719,1.17905522575344,14.5283473745371,0.0726785574407705,0.899319915156267,0.564488264600591,0.12875122832216,-1.26842662814952,1.02513898830394,29.4167273607572,-0.121643819922793,0.836738807703399,0.585104020927123,-0.2079011860661,-1.37404261906616,1.64101955420788,13.4354837418894,0.133488467570863,0.864806400168832,0.769162647134454,0.173550377242291,0.831550895931377,0.949024079863236,0.974720848085631,0.964831124703635,0.933509568111939,0.961461453265462,0.974720848085631
"50","sulfate reduction (dissimilatory)",16.1787601346564,7.32099756069146,3.92112389935435,1,0.0154757056487902,3.92112389935435,16.5277294937288,0.283894389972241,0.152053742428462,1,0.601251248550786,0.152053742428462,16.1787601324848,3.83117951123895,2.05197849332666,1,0.0677886001499171,2.05197849332666,-1.21947521745024,-0.00171016456535267,29.3786862889546,-0.610592691007797,0.0588761047468504,0.310660058677216,-1.96546892319433,-2.03780867533818,-0.480669598035933,17.2347126727083,-1.25923913668706,0.00552381723399255,0.397236655771424,-3.16999732625794,-1.53889255413555,0.130745099056213,29.1725537084571,-0.704073727539671,0.109053554756709,0.425935799423269,-1.65300434594371,-0.00141723727977294,2.11569546500392,16.1787601324848,1.05713911386207,0.0677886001499171,0.540089695265629,1.95733990692443,0.0853583850594982,0.930910229885049,0.656551305317195,0.100580012275869,0.107882650890817,0.758403025265331,0.656551305317195
"51","mucin degradation",29.9999999993357,2.35361743510485,0.998748686377172,1,0.135472452843793,0.998748686377172,29.9999999993357,0.0250021913913222,0.0106095856685058,1,0.875421158411459,0.0106095856685058,29.9999999993357,0.327490960543659,0.138969554594928,1,0.571404207731665,0.138969554594928,-0.00593105159552892,0.959206561028168,29.9999999993022,0.476637754716319,0.0623559509153216,0.246213098872372,1.93587488602055,-0.180296080205038,1.18461462112378,29.9999999993023,0.502159270459373,0.159614830959117,0.348197903659216,1.44216626574191,-0.486663589436095,0.834905514390609,29.9999999993345,0.174120962477257,0.609317403540053,0.33714117051412,0.516463065640228,-1.20734203857019,0.661638911674791,29.9999999993357,-0.2728515634477,0.571404207731665,0.476789615775409,-0.572268259248806,0.284839516235668,0.949024079863236,0.855881562468722,0.10435077500115,0.353740976720205,0.961461453265462,0.855881562468722
"52","glycolysis (preparatory phase)",29.9999999989123,12.997439133789,0.940404834218257,1,0.00111554857650088,0.940404834218257,29.9999999989123,5.06918841078694,0.366771426124577,1,0.0318346512365002,0.366771426124577,29.9999999989123,0.0434416358484258,0.00314313642385177,1,0.836304560686335,0.00314313642385177,0.921962964118259,1.32048982375737,29.9999999990422,1.12122639393781,4.46215262671465e-12,0.101666883366898,11.0284328269561,0.0525719792899282,0.616174069161516,29.9999999987498,0.334373024225722,0.0269881530288046,0.143778685301671,2.32560913687695,-0.071736925764392,0.473968451225697,29.9999999989632,0.201115762730652,0.15891759574014,0.139213113428242,1.44466105080193,-0.344837559185955,0.426906386013351,29.9999999989123,0.0410344134136983,0.836304560686335,0.196877073070404,0.208426571838683,0.021226969478142,0.672396591787406,0.974720848085631,2.57720658739233e-10,0.150256253310101,0.758403025265331,0.974720848085631
"53","glycolysis (pay-off phase)",29.9999999990836,14.8966425471988,0.987126236810951,1,0.000560782761666191,0.987126236810951,29.9999999990836,2.22330762960219,0.147327512674658,1,0.146382482917853,0.147327512674658,29.9999999990836,0.104210178650104,0.00690548901622253,1,0.749073822561635,0.00690548901622253,0.8672236188782,1.24861529987098,29.9999999995052,1.05791945937459,6.28586972534716e-12,0.0972955840008164,10.8732525760441,0.0635033756161449,0.602872663452412,29.9999999995053,0.333188019534279,0.0217139243198429,0.137596734452965,2.42148202759981,-0.151063882089165,0.371178185222239,29.9999999994225,0.110057151566537,0.415277801624485,0.133227465257215,0.826084556619431,-0.308458467970774,0.430103346462777,29.9999999990836,0.0608224392460011,0.749073822561635,0.188412088247344,0.322816013620924,0.0153280621522092,0.795842834632654,0.944985437693139,2.57720658739233e-10,0.136964753402086,0.961461453265462,0.944985437693139
"54","nitrate reduction (dissimilatory)",30.0000000000108,2.09271391922902,1.24325998403261,1,0.158371381009293,1.24325998403261,30.0000000000108,0.236353432679545,0.140415162454446,1,0.630384836804865,0.140415162454446,30.0000000000108,0.475982911960327,0.282776590763828,1,0.495550367309801,0.282776590763828,-1.42500287614828,-0.283031777016882,29.9999999999294,-0.85401732658258,0.00639852350870614,0.291324511097938,-2.93149836024431,-1.02094251765749,0.594048498572241,29.9999999999759,-0.213447009542625,0.608201483749119,0.411995074646415,-0.518081459410189,-0.724380733457594,0.839327594075491,30.0000000000108,0.0574734303089483,0.886404525039429,0.398912515706262,0.144075274768437,-1.49492266140589,0.716494862987145,30.0000000000108,-0.389213899209374,0.495550367309801,0.564147489912166,-0.689915148377195,0.309201267684811,0.930910229885049,0.855435624429651,0.0149908265061115,0.767269564114274,0.961461453265462,0.855435624429651
"55","Bifidobacterium shunt",30.0000000003007,5.74604953625348,0.470910784453026,1,0.0229581296239745,0.470910784453026,30.0000000003007,0.2600194091396,0.0213095872491865,1,0.613838038338534,0.0213095872491865,30.0000000003007,0.0364595888488107,0.00298800305797971,1,0.849855882928063,0.00298800305797971,0.713881169942385,1.13802553546026,30.0000000003807,0.925953352701324,1.50817899366321e-09,0.108202081482995,8.55762976100276,-0.0287766387915006,0.571054075328012,30.0000000003373,0.271138718268256,0.0865679830812534,0.15302085111025,1.77190700679676,-0.216964830454678,0.363818761127466,30.0000000000281,0.0734269653363941,0.62379730465037,0.148161801993121,0.495586341071926,-0.450684964057739,0.370667067961486,30.0000000003007,-0.0400089480481267,0.849855882928063,0.209532429804309,-0.190943941639453,0.10437456944872,0.930910229885049,0.974720848085631,1.37411863867092e-08,0.262910170839362,0.961461453265462,0.974720848085631
"56","Entner-Doudoroff pathway",29.9999999998818,0.0653197573305948,0.0374528808749024,1,0.800021468983657,0.0374528808749024,29.9999999998818,0.188901425788271,0.108311832227728,1,0.666942925276655,0.108311832227728,29.9999999998818,0.176990982733367,0.101482651852104,1,0.676970536610962,0.101482651852104,-0.459039548963934,0.662848185650048,29.9999999999697,0.101904318343057,0.724288613200656,0.286201109679385,0.356058431978879,-0.747535952283302,0.83905289746782,29.9999999999216,0.0457584725922591,0.910741042060428,0.404749490874815,0.113053811367021,-0.531080690042704,1.00512735804842,29.9999999998818,0.237023334002855,0.549852748136847,0.391897009386023,0.604810264753475,-1.3194276759155,0.853098580321662,29.9999999998818,-0.233164547796919,0.676970536610962,0.554226065727169,-0.420702962591621,0.846964836671518,0.930910229885049,0.910025967247523,0.830867720950214,0.933509568111939,0.961461453265462,0.910025967247523
"57","pyruvate:formate lyase",14.3024590086134,4.2179467559574,0.50803791803454,1,0.0587531392404585,0.50803791803454,14.7503562063687,0.0716974363200012,0.00863572216149503,1,0.792589168888192,0.00863572216149503,14.3024590080758,2.10303084774948,0.25330320064947,1,0.168582358755079,0.25330320064947,0.955584020398041,1.55390310214735,28.7402580535015,1.2547435612727,4.9276895618488e-09,0.15263522352165,8.22053738529575,-0.293285124132359,0.448224150752484,15.3391776176029,0.0774695133100629,0.687808052050422,0.189164005240345,0.409536228690194,-0.552305003827289,0.268673296312424,28.3472313502781,-0.141815853757433,0.503813258126527,0.209437088287205,-0.67712865432391,-0.130860584723083,0.875383510886306,14.3024590080758,0.372261463081611,0.168582358755079,0.256699639265444,1.45018303939519,0.172062764918486,0.930910229885049,0.656551305317195,4.04070544071602e-08,0.804139165548141,0.961461453265462,0.656551305317195
"58","acetate to acetyl-CoA",29.9999999999907,3.72927006648929,1.10205476088571,1,0.0629638418351145,1.10205476088571,29.9999999999907,10.7045357691942,3.16334950196229,1,0.00268968426865074,3.16334950196229,29.9999999999907,0.579506421384139,0.17125276508908,1,0.452448673850209,0.17125276508908,-0.814506331983492,-0.00909314394717536,30.0000000002256,-0.411799737965334,0.0541470415323764,0.205466323460358,-2.00422011271733,-0.0338849063082177,1.10514134752689,30.0000000001789,0.535628220609338,0.075177641746971,0.290573261248575,1.84334999823376,0.25091035979005,1.35376778778915,30.0000000002946,0.802339073789601,0.00779622560845722,0.281346350417227,2.85178418913115,-1.08272829720666,0.476947634833578,29.9999999999907,-0.302890331186542,0.452448673850209,0.397883824484216,-0.761253191378624,0.172101167682646,0.22055411002936,0.855435624429651,0.0965229870794537,0.246582664930065,0.449631655830939,0.855435624429651
"59","pyruvate dehydrogenase complex",15.5080931796305,0.148937901537038,0.047396928219576,1,0.70479522241886,0.047396928219576,16.5816266031575,0.112981770716273,0.0359545073584113,1,0.740990588293705,0.0359545073584113,15.5080931792695,1.72971302989217,0.550451453070035,1,0.207562919934219,0.550451453070035,-0.95846970393748,0.342104130228799,24.8235168670521,-0.30818278685434,0.361905196757545,0.331785135957865,-0.928862548241095,-0.421727466484968,0.814986815187623,16.1907467652354,0.196629674351327,0.541805243972498,0.315494134440131,0.623243518299514,-0.758977208006235,1.0414995435416,23.9327501584374,0.141261167767683,0.761086500315792,0.459313733759846,0.307548321299579,-1.38602979192697,0.272867577707052,15.5080931792695,-0.556581107109959,0.207562919934219,0.423195880822095,-1.3151855496059,0.825617260547807,0.930910229885049,0.656551305317195,0.442928748270428,0.716581129124917,0.961461453265462,0.656551305317195
"60","pyruvate:ferredoxin oxidoreductase",29.9999999996798,8.35831601646074,1.67612592298968,1,0.00707477490398719,1.67612592298968,29.9999999996798,0.205327893947366,0.0411752086281834,1,0.653714755689015,0.0411752086281834,29.9999999996798,2.52269953972852,0.505886842053573,1,0.122703384255357,0.505886842053573,0.648347193884538,1.31181979756645,29.9999999995605,0.980083495725496,2.50732586188378e-06,0.169256325349676,5.79052802724323,-0.255645051489392,0.682646902900563,29.999999999526,0.213500925705585,0.379519137017461,0.239364590826944,0.891948658604823,-0.640282203561127,0.268215074747049,29.9999999994558,-0.186033564407039,0.428469741239976,0.231763768486127,-0.802686138658359,-0.121817601861624,1.16299157050084,29.9999999996798,0.52058698431961,0.122703384255357,0.327763464659779,1.58830083413959,0.0580131542126949,0.930910229885049,0.656551305317195,1.58154400518823e-05,0.662139770966634,0.961461453265462,0.656551305317195
"61","pentose phosphate pathway (oxidative phase)",16.2649332158197,0.0030214496215656,0.00195591062867635,1,0.956833729858724,0.00195591062867635,16.2850836417355,0.305459637010406,0.197736790445209,1,0.587986480536235,0.197736790445209,16.2649332199569,1.17735052496948,0.762148204964039,1,0.293717547057722,0.762148204964039,-0.765537349712868,0.433920621441105,29.9978654304641,-0.165808364135882,0.591906918936936,0.30598979894915,-0.5418754635132,-0.507820381340013,1.17948460768864,17.3713849914927,0.335832113174315,0.445773735490747,0.430442855669263,0.780201387364544,-0.336900830513998,1.30553176809235,29.9970980988968,0.484315468789173,0.256847305735141,0.418995606950343,1.15589629283768,-1.79402313888074,0.515464896052151,16.2649332199569,-0.639279121414296,0.293717547057722,0.589165937014619,-1.08505784406615,0.956833729858724,0.930910229885049,0.752651214335412,0.693376676468982,0.687571892004612,0.842459162811263,0.752651214335412
"62","pentose phosphate pathway (non-oxidative branch)",29.9999999999817,12.5994569280986,0.863146620674588,1,0.00129432740720378,0.863146620674588,29.9999999999817,1.25156355906836,0.0857404301418841,1,0.272132233202172,0.0857404301418841,29.9999999999817,0.027125295548522,0.00185826320301882,1,0.870286749166192,0.00185826320301882,0.826544370208951,1.21433333012095,30.0000000000348,1.02043885016495,2.21094249662842e-11,0.0989275728969581,10.3150094587666,0.0500160298566937,0.598432436302797,29.9999999997275,0.324224233079745,0.0274858999957502,0.139904715283531,2.31746465744683,-0.174117512816749,0.356884389421419,29.9999999999816,0.0913834383023349,0.505092742269753,0.135462158087252,0.674604919873449,-0.343923530171683,0.407026561619447,29.9999999999817,0.0315515157238819,0.870286749166192,0.191572421155319,0.164697588168504,0.021226969478142,0.899406358150615,0.974720848085631,4.53243211808827e-10,0.150256253310101,0.961461453265462,0.974720848085631
"63","lactaldehyde degradation",15.3455954674211,0.82704873339226,0.259579721355336,1,0.377189860019669,0.259579721355336,15.6897532633391,0.563511168766491,0.176865118418177,1,0.463959307359176,0.176865118418177,15.345595467699,1.73544068067975,0.544690040781312,1,0.207049270645459,0.544690040781312,-0.851532940834506,0.0782561053508035,29.3345220874765,-0.386638417741851,0.113785363384838,0.237195441732442,-1.63004151731542,-0.135567741386321,1.05605853250371,16.4139076408677,0.460245395558695,0.149041948854584,0.303991880281839,1.51400555545098,-0.553553661288999,0.721183537578186,29.1137092349892,0.0838149381445934,0.798422063043127,0.325194036452238,0.257738238557469,-1.35475575691898,0.265634223293641,15.345595467699,-0.544560766812671,0.207049270645459,0.413372386685177,-1.31736125670969,0.542624009151102,0.930910229885049,0.656551305317195,0.178389258826979,0.353740976720205,0.961461453265462,0.656551305317195
"64","lactate consumption I",29.9999999997817,9.82737190101118,3.84798067481868,1,0.0038281733060393,3.84798067481868,29.9999999997817,0.333643588973582,0.130640632671629,1,0.567831812417838,0.130640632671629,29.9999999997817,0.384065497705787,0.150383706643322,1,0.540114287441765,0.150383706643322,-1.31756757311117,-0.390467080053982,29.9999999996796,-0.854017326582579,0.00109857163003893,0.236509573739631,-3.61092074658572,-1.51535888358127,-0.204240792617004,29.9999999996796,-0.859799838099137,0.0153573209848884,0.334475046813665,-2.57059486586492,-0.908934548769656,0.360550084034309,29.9999999995534,-0.274192232367673,0.403891669027096,0.323854071507818,-0.846653652032453,-0.613825500583402,1.18149688435219,29.9999999997817,0.283835691884396,0.540114287441765,0.457998820156102,0.619730181373949,0.0348789123439136,0.930910229885049,0.855435624429651,0.00360331494652769,0.136964753402086,0.961461453265462,0.855435624429651
"65","4-aminobutyrate degradation",15.4838524112366,1.47161114315934,0.712551070774151,1,0.24327451299942,0.712551070774151,15.7643167137722,0.0442278847864472,0.0214150503067008,1,0.836124307328408,0.0214150503067008,15.4838524116727,0.000129614719871792,6.2759179190815e-05,1,0.991061800735791,6.2759179190815e-05,-1.39535774301105,-0.26605262839216,29.5603965715215,-0.830705185701605,0.00726521493233445,0.288093333226198,-2.88345855282035,-1.05186278230604,0.424112535160057,16.5680239420979,-0.313875123572992,0.41636497966487,0.376531234529921,-0.833596511494852,-0.839889111581776,0.707750041066902,29.410536182504,-0.066069535257437,0.868244889847151,0.394813161072412,-0.167343801503414,-0.998968041061283,1.01064126196823,15.4838524116727,0.00583661045347388,0.991061800735791,0.512664854783316,0.0113848460627183,0.424436384381967,0.949024079863236,0.999037880589167,0.0165485451236507,0.687571892004612,0.961461453265462,0.999037880589167
"66","formate conversion",13.265846778271,13.9036560411452,2.72602008589914,1,0.0024466590031457,2.72602008589914,13.5178341642982,0.404938834952961,0.0793943258072316,1,0.535176643642555,0.0793943258072316,13.2658467795513,0.165790333485349,0.0325056789229771,1,0.690374293432554,0.0325056789229771,-1.23184352076876,-0.519630575292251,29.5129454258125,-0.875737048030505,4.01888068202654e-05,0.18169031448903,-4.81994348731991,-1.01054400917755,-0.0723894970451309,14.3543023921896,-0.541466753111338,0.0396732215490655,0.239329528382271,-2.26243187278787,-0.541314666128584,0.434585838966398,29.3462885383756,-0.0533644135810929,0.83175631051405,0.248958785159513,-0.214350393567759,-0.77175535178757,0.506254604027372,13.2658467795513,-0.132750373880099,0.690374293432554,0.326028938770233,-0.40717359134078,0.0276406857805857,0.930910229885049,0.913075678410798,0.000183082342181209,0.184977709726471,0.961461453265462,0.913075678410798
"67","valine degradation I",30.0000000003686,0.117264444589212,0.0491401384647405,1,0.734408249018938,0.0491401384647405,30.0000000003686,0.127006855590534,0.0532227350886569,1,0.724050124326026,0.0532227350886569,30.0000000003686,0.896140740873709,0.375531391844245,1,0.351381791586579,0.375531391844245,-0.56400503708586,0.395095378472598,30.0000000001022,-0.0844548293066308,0.732371832652803,0.244672969279976,-0.34517433435808,-0.821325481409964,0.535047333950479,30.0000000003032,-0.143139073729742,0.682056008222457,0.346019831501838,-0.413673034601723,-0.96534300681976,0.347959324465105,30.0000000001532,-0.308691841177328,0.364202979885882,0.335032261216029,-0.921379451808323,-0.480116800753895,1.37717316764536,30.0000000003686,0.448528183445735,0.351381791586579,0.473807167644234,0.946647104719446,0.831550895931377,0.930910229885049,0.787887196433187,0.830867720950214,0.804139165548141,0.961461453265462,0.787887196433187
"68","proline degradation",29.999999999572,0.476703845208425,0.224168815929016,1,0.495226638169877,0.224168815929016,29.999999999572,4.02993633246103,1.89506769244148,1,0.0537814213730601,1.89506769244148,29.999999999572,1.92536860987407,0.905399874241959,1,0.175487557425098,0.905399874241959,-1.28139939440793,-0.265402599123807,29.9999999996032,-0.773400996765867,0.00561188889127637,0.259187618573141,-2.9839426783715,-0.543466056240853,0.893370390977551,29.9999999996033,0.174952167368349,0.636608570407387,0.36654664538532,0.47729850912818,-0.851172300359707,0.540038607465471,29.999999999572,-0.155566846447118,0.664286678612539,0.354907263296385,-0.438330974131693,-1.68017967336653,0.287289660601223,29.999999999572,-0.696445006382654,0.175487557425098,0.501914665138467,-1.3875765239705,0.665714497211966,0.672396591787406,0.656551305317195,0.0139446936086261,0.790937920809178,0.961461453265462,0.656551305317195
"69","threonine degradation I",15.8041156916446,4.85772821118778,1.78465967447231,1,0.0427073161758557,1.78465967447231,15.8673631310506,0.193502432191602,0.0710900183442385,1,0.665950188120314,0.0710900183442385,15.8041156935232,1.66732582730624,0.612551595897549,1,0.215184908845767,0.612551595897549,0.439034982169614,1.35479199802425,29.977892487758,0.896913490096932,0.000593283902197604,0.233615776381099,3.83926763847399,-0.433987402286722,0.839525497111428,16.9165401919644,0.202769047412353,0.54086721871552,0.324881709420035,0.624131927199988,-1.01510905780002,0.238896045319761,29.9699647025261,-0.388106506240129,0.234531899224537,0.31990513933195,-1.21319247027604,-0.297103766678488,1.4444851575046,15.8041156935232,0.573690695413057,0.215184908845767,0.444291052774572,1.291249715317,0.14591666360084,0.930910229885049,0.656551305317195,0.00221133090819107,0.716581129124917,0.8013173223505,0.656551305317195
"70","glutamine degradation II",30.0000000000682,5.69881933379837,0.839064647381313,1,0.0234799563177209,0.839064647381313,30.0000000000682,0.0895999210155173,0.0131922283772715,1,0.766750394705391,0.0131922283772715,30.0000000000682,2.0292625613589,0.29877811100143,1,0.164615631023779,0.29877811100143,0.603482819722716,1.17198787876311,29.9999999998835,0.887735349242911,9.94459898712346e-07,0.145029465726076,6.12106887933807,-0.266807690392831,0.537179874379805,29.9999999998381,0.135186091993487,0.514850148190138,0.205102637373541,0.659114352329273,-0.547232602570548,0.231225009660022,29.9999999997647,-0.158003796455263,0.432498262816372,0.198589774702735,-0.795629063438817,-0.150378035532136,0.950527277416911,30.0000000000682,0.400074620942387,0.164615631023779,0.280848352733226,1.42452187114095,0.10437456944872,0.930910229885049,0.656551305317195,6.79547597453436e-06,0.714663634189834,0.961461453265462,0.656551305317195
"71","serine degradation",29.9999999995874,0.495774058676826,0.0897542035913721,1,0.486792870151714,0.0897542035913721,29.9999999995874,3.5638023245666,0.645185511021387,1,0.0687590761738472,0.645185511021387,29.9999999995874,4.09568598223993,0.741476943100642,1,0.0519790959804165,0.741476943100642,1.15216412217973,1.78256174415272,29.9999999997605,1.46736293316623,3.69713773502634e-10,0.160818674971959,9.12433169482387,-0.8705240442065,0.0209928224754443,29.9999999994897,-0.424765610865528,0.0716065319899257,0.227431951228215,-1.86766023230966,-0.452776929520416,0.410430564860131,29.9999999995887,-0.0211731823301424,0.92404092474875,0.220210039875584,-0.0961499409477651,0.0198738783882466,1.24063362408331,29.9999999995874,0.63025375123578,0.0519790959804165,0.311424024962771,2.02378012200929,0.665714497211966,0.672396591787406,0.656551305317195,4.33093277531657e-09,0.244655650965579,0.961461453265462,0.656551305317195
"72","cysteine degradation II",29.9999999996035,0.908371315384481,0.912127062508885,1,0.348163615087949,0.912127062508885,29.9999999996035,1.29815462206482,1.30352196513948,1,0.26356662599742,1.30352196513948,29.9999999996035,0.0215097570520007,0.0215986911770953,1,0.884379920494123,0.0215986911770953,-1.29843805369857,0.186215190192567,29.9999999998002,-0.556111431753004,0.152430581300538,0.37874503195005,-1.46830026756983,-1.45310580294099,0.646510949991072,29.9999999998002,-0.40329742647496,0.45735097791828,0.535626360865192,-0.752945440966567,-0.652429926446858,1.38051525293413,29.9999999996035,0.364042663243638,0.488122427588459,0.518617993855143,0.701947613767754,-1.32994200637712,1.54507663786448,29.9999999996035,0.107567315743682,0.884379920494123,0.73343660060067,0.146662050483418,0.519080298858397,0.899406358150615,0.974720848085631,0.227260139393529,0.687571892004612,0.961461453265462,0.974720848085631
"73","glutamine degradation I",29.9999999989023,0.104144885078612,0.0438929277652955,1,0.749149669766539,0.0438929277652955,29.9999999989023,2.27196578462131,0.957543234066003,1,0.142191919979865,0.957543234066003,29.9999999989023,0.283316909892871,0.119406811493697,1,0.598455830293446,0.119406811493697,-0.458117290195909,0.503732754033493,29.9999999990549,0.0228077319187923,0.92656067960266,0.245374418054707,0.0929507325971822,-0.630342761857061,0.729918615661321,29.9999999990221,0.0497879269021298,0.886873544120417,0.347011829872373,0.143476165986737,-0.173964815680237,1.14310259972423,29.9999999991143,0.484568892021994,0.159605274957082,0.335992759508165,1.44220039958992,-1.18422613102903,0.678388470395638,29.9999999989023,-0.252918830316697,0.598455830293446,0.475165517355609,-0.532275220062771,0.831550895931377,0.795842834632654,0.860936457615132,0.964831124703635,0.933509568111939,0.758403025265331,0.860936457615132
"74","cysteine degradation I",16.2835755878857,2.88745208932537,0.304572046865219,1,0.108292875095524,0.304572046865219,16.4135982654943,0.784521691130871,0.082752326232959,1,0.388554378921975,0.082752326232959,16.2835755891615,1.49935706322432e-06,1.58154052639103e-07,1,0.999037880589167,1.58154052639103e-07,1.03879239444105,1.54013638404184,29.912097018772,1.28946438924144,3.9042682204415e-11,0.127896225021309,10.082114534863,-0.139762152966527,0.544640778354765,17.3830352941106,0.202439312694119,0.261942340124872,0.174595792759402,1.15947417457582,-0.229791496907223,0.456826088955941,29.8808436708791,0.113517296024359,0.521885683838315,0.175160766034253,0.648074900529729,-0.467043362465418,0.467627295510716,16.2835755891615,0.000291966522649081,0.999037880589167,0.238440773746022,0.0012244823654199,0.246219073625141,0.930910229885049,0.999037880589167,5.33583323460338e-10,0.536981797255987,0.961461453265462,0.999037880589167
"75","arginine degradation II",15.5810667131649,14.1308039176548,4.74989343578208,1,0.0017861757755284,4.74989343578208,15.7096756048488,2.12366514619526,0.713843543261493,1,0.164737901743416,0.713843543261493,15.5810667122033,0.0499649406568487,0.0167950914207148,1,0.826028628321473,0.0167950914207148,-1.30893895743902,-0.414617233122816,29.906695823078,-0.861778095280921,0.000704034966048476,0.228147489283095,-3.77728502728158,-1.45837117540933,-0.236739370964562,16.6910582616754,-0.847555273186947,0.0147383189106729,0.311646493017435,-2.71960471937521,-0.993374947778903,0.231439337471699,29.8735220725062,-0.380967805153602,0.232285664520416,0.312458365284205,-1.21925941975368,-0.739073005066938,0.929352216735306,15.5810667122033,0.0951396058341841,0.826028628321473,0.425626500018003,0.223528388928227,0.0244110689322215,0.795842834632654,0.974720848085631,0.00240545280066563,0.136964753402086,0.8013173223505,0.974720848085631
"76","threonine degradation II",29.9999999995233,7.66790664242559,1.29109853294567,1,0.00954635494113678,1.29109853294567,29.9999999995233,0.0550115280319259,0.00926267186720096,1,0.816155064678821,0.00926267186720096,29.9999999995233,0.399791865174957,0.0673157244449338,1,0.531986509594089,0.0673157244449338,0.151329704802148,0.75928318957713,29.9999999997156,0.455306447189639,0.00633186200486867,0.155093024558217,2.93569906503907,-0.109007539518744,0.750768523942022,29.9999999994668,0.320880492211639,0.153873933227332,0.219334658759694,1.46297212682288,-0.475966028051835,0.356508565760994,29.9999999995657,-0.0597287311454204,0.780450527143298,0.212369870155595,-0.281248611687051,-0.398748469317456,0.77854839158368,29.9999999995233,0.189899961133112,0.531986509594089,0.300336350613456,0.632290965596502,0.0711637368339287,0.942601623995258,0.855435624429651,0.0149908265061115,0.353740976720205,0.961461453265462,0.855435624429651
"77","arginine degradation I",29.9999999993073,1.10276030390653,0.290475589171783,1,0.302047330400277,0.290475589171783,29.9999999993073,3.76462961909139,0.991632544937716,1,0.0617978035942158,0.991632544937716,29.9999999993073,1.59685384778898,0.420623648325531,1,0.216081429012883,0.420623648325531,-0.616276733326837,0.144125397347393,29.9999999994478,-0.236075667989722,0.23309657114295,0.193983699872086,-1.21698713935961,-0.103100273642033,0.972270732414861,29.9999999997167,0.434585229386414,0.123647253279528,0.274334379238416,1.58414424977604,0.0811633178185214,1.12238681718169,29.9999999993073,0.601775067500105,0.0308606813140759,0.265623120520633,2.26552216659679,-1.21094988501484,0.261562509246128,29.9999999993073,-0.474693687884354,0.216081429012883,0.375647819520143,-1.26366682625959,0.467318511185335,0.672396591787406,0.656551305317195,0.31334293170036,0.337969158964044,0.506115173550845,0.656551305317195
"78","lysine degradation II",16.1034404349191,7.33143951369896,3.75623881696987,1,0.0154612426677229,3.75623881696987,16.2531517700934,0.0981688185988159,0.0502964699289869,1,0.758023280216409,0.0502964699289869,16.1034404326916,2.78070092130408,1.42468293156748,1,0.114732540475876,1.42468293156748,-1.11833702127226,-0.00639333456576741,29.8813478708337,-0.562365177919016,0.0566836440950668,0.283664316150033,-1.98250236600636,-1.90494530022486,-0.395291378855971,17.2036705703368,-1.15011833954042,0.00821145476701478,0.385122872990741,-2.98636726146377,-1.11019243122303,0.412762311545263,29.8393188916105,-0.348715059838885,0.376607244879917,0.388516002023805,-0.897556491939601,-0.153738253048814,1.90713867186278,16.1034404326916,0.876700209406981,0.114732540475876,0.525743570077696,1.66754337913713,0.0853583850594982,0.930910229885049,0.656551305317195,0.0988948684211803,0.112223215149202,0.961461453265462,0.656551305317195
"79","histidine degradation",29.9999999994255,1.38140627858569,0.69046491551415,1,0.249105860114771,0.69046491551415,29.9999999994255,0.318726044025352,0.159308057645022,1,0.576571518346262,0.159308057645022,29.9999999994255,8.14374740268286,4.07046931053398,1,0.00775901727155526,4.07046931053398,-1.37774939412883,-0.330285259036331,29.9999999996247,-0.854017326582578,0.00327222487388013,0.267215148685067,-3.19599143531006,0.301768897188567,1.78310688313578,29.9999999996247,1.04243789016217,0.00979543717410778,0.377899287341965,2.7585071607157,0.167262655952013,1.60156199337151,29.9999999994255,0.88441232466176,0.0219332515039482,0.36589941160477,2.41709140985738,-2.49089116353792,-0.462485588056524,29.9999999994255,-1.47668837579722,0.00775901727155526,0.517459910355802,-2.85372517995038,0.425555844362734,0.930910229885049,0.22964128030057,0.00838507623931782,0.114746549753834,0.449631655830939,0.22964128030057
"80","lysine degradation I",30.0000000001834,10.6980182930498,3.6918350178032,1,0.00269665227127666,3.6918350178032,30.0000000001834,0.107089454712065,0.0369560593479545,1,0.745754979157085,0.0369560593479545,30.0000000001834,0.989432932835283,0.341448579460942,1,0.327836865975382,0.341448579460942,-1.28919694331145,-0.4188377098537,30.0000000000077,-0.854017326582577,0.000581465637723764,0.222034496634386,-3.84632721278823,-1.53244783508789,-0.301574002995282,30.0000000002518,-0.917010919041586,0.00657821042017179,0.314004196455033,-2.9203779102134,-0.880091802449014,0.311696660795279,29.9999999999231,-0.284197570826867,0.357376567847862,0.304033255877396,-0.934758173104171,-0.415031533703096,1.27041187449677,30.0000000001834,0.427690170396838,0.327836865975382,0.429967953874263,0.994702434316556,0.0276406857805857,0.930910229885049,0.787887196433187,0.00221133090819107,0.107882650890817,0.961461453265462,0.787887196433187
"81","arginine degradation IV",29.9999999990088,1.18638317337265,0.95112111598276,1,0.284732873674128,0.95112111598276,29.9999999990088,0.0899096753428635,0.0720804143796558,1,0.766359850026507,0.0720804143796558,29.9999999990088,0.00661824275051173,0.00530583252695399,1,0.935701890750914,0.00530583252695399,-1.24906579240621,0.0775173961064226,29.9999999991303,-0.585774198149896,0.0937431694226329,0.338420297254581,-1.73090740390562,-1.32159965787871,0.554472278932009,29.9999999991303,-0.383563689473349,0.429184607122072,0.478598574159763,-0.801430907199715,-1.03315942312482,0.783339418763933,29.9999999989721,-0.124910002180442,0.789351494158856,0.463401076809845,-0.269550522066867,-1.23114438946452,1.33777290876957,29.9999999990088,0.0533142596525243,0.935701890750914,0.655348087642779,0.0813525829369402,0.449096068026808,0.930910229885049,0.997646024938593,0.153738797853118,0.687571892004612,0.961461453265462,0.997646024938593
"82","arginine degradation V",30.0000000001584,5.46104824624908,2.30099940111629,1,0.0263123079327759,2.30099940111629,30.0000000001584,0.00129254420140639,0.000544610356701248,1,0.971558817719017,0.000544610356701248,30.0000000001584,1.38491614790053,0.58353105177274,1,0.248518739711787,0.58353105177274,-0.215931860426559,0.745789612280361,30.0000000001356,0.264928875926901,0.288820193670767,0.245341618594234,1.07983666792817,-0.404465415923006,0.955614134004547,30.0000000001039,0.27557435904077,0.433293047371755,0.346965444430532,0.794241511551864,-0.94654196973372,0.370349391862954,30.0000000001234,-0.288096288935383,0.397933424464303,0.335947846997227,-0.857562539871736,-0.372071087264418,1.49029453647757,30.0000000001584,0.559111724606576,0.248518739711787,0.475102001473519,1.17682460371142,0.10437456944872,0.995847788161992,0.657372150205371,0.375924696523855,0.687571892004612,0.961461453265462,0.657372150205371
